kbli_kode,provinsi,total_investasi_rp_juta,total_investasi_us_ribu,total_tki,row_count,percentage_share
24,Maluku Utara,34853134.95304,2112311.2095788,4116,7,6.810119931188819
24,Sulawesi Tengah,28922691.470024,1752890.3925166,3974,10,5.651342351527985
7,Nusa Tenggara Barat,11813220.677,715952.76861518,7,7,2.308241416227395
46,Daerah Khusus Ibukota Jakarta,10604441.669928,642693.434462762,27827,226,2.0720523325321953
51,Daerah Khusus Ibukota Jakarta,10240444.634744,620633.008184861,312,7,2.000929219287429
29,Jawa Barat,8965119.781009,543340.592823819,10158,44,1.7517374258701872
68,Daerah Khusus Ibukota Jakarta,7746795.147935,469502.73628223303,1881,78,1.5136831768755248
52,Riau,7445906.885462,451267.08389103,706,16,1.4548911871136563
68,Jawa Barat,6822737.345873,413499.233036117,3421,90,1.333127124633112
61,Daerah Khusus Ibukota Jakarta,6662373.367051,403780.20400271897,1524,26,1.3017928435163084
68,Banten,6496380.680026,393720.04127955,865,28,1.2693587423123953
7,Papua Tengah,6231681.1209,377677.64369696996,29,2,1.2176378355472024
63,Daerah Khusus Ibukota Jakarta,6149910.257641,372721.833789996,2662,60,1.2016602373649745
43,Daerah Khusus Ibukota Jakarta,5262757.271624,318954.986133888,7009,34,1.0283151927878273
24,Kalimantan Barat,4812957.591558999,291694.39947755705,784,10,0.9404266923593794
68,Jawa Timur,4808374.086095,291416.611356295,1072,50,0.939531099410362
20,Banten,4732564.568028,286822.095032845,2018,40,0.9247183168397982
16,Jawa Tengah,4600258.183932,278803.526307937,2375,53,0.8988663427040512
50,Daerah Khusus Ibukota Jakarta,4166755.255968,252530.621552581,2065,15,0.8141621422373195
15,Jawa Tengah,3858481.136995,233847.341589352,32699,61,0.7539269948189785
2,Riau,3833628.207426,232341.1034885,1764,14,0.7490708626163998
77,Daerah Khusus Ibukota Jakarta,3718447.609557,225360.46118219002,1736,45,0.7265651773662555
20,Jawa Barat,3608989.644108,218726.645094949,3200,68,0.7051776645030376
9,Kalimantan Selatan,3580446.253206,216996.74261095,982,14,0.6996004354948773
35,Kalimantan Barat,3430419.409298,207904.20665259,5,13,0.670285976371248
63,Jawa Barat,3297414.684998,199843.314221031,511,26,0.6442975502191064
9,Kalimantan Timur,3186697.014107,193133.15235022,2880,18,0.622663897513675
5,Kalimantan Selatan,2977387.783819,180447.74445623902,168,15,0.5817659707450595
55,Bali,2967473.138159,179846.856844843,3169,172,0.5798287009381736
17,Jawa Barat,2893974.9999740003,175392.424264856,1053,40,0.565467549884378
60,Daerah Khusus Ibukota Jakarta,2891535.3412249996,175244.56615323,365,4,0.5649908533492096
45,Daerah Khusus Ibukota Jakarta,2888206.915929,175042.84336034,3021,53,0.5643404964881037
17,Sumatera Selatan,2872079.6005,174065.4303758,78,3,0.561189303564208
27,Jawa Barat,2852005.563664,172848.822032698,4654,46,0.5572669419591342
42,Daerah Khusus Ibukota Jakarta,2838767.191952,172046.496485903,3218,23,0.5546802334987947
20,Jawa Timur,2774670.167433,168161.828316207,1292,62,0.5421560107912857
5,Kalimantan Timur,2756715.521794,167073.667985672,172,17,0.5386477671199967
68,Bali,2681397.999919,162508.969692727,1679,255,0.5239311180271738
52,Daerah Khusus Ibukota Jakarta,2673399.515863,162024.213102906,2826,57,0.5223682561565716
47,Daerah Khusus Ibukota Jakarta,2640008.381615,160000.5079679558,3801,60,0.5158438035019195
46,Banten,2605922.5529509997,157934.70016430362,8816,90,0.5091836111987434
52,Jawa Barat,2488081.4223929998,150792.813499943,1988,60,0.48615807180298637
10,Jawa Timur,2455992.366114,148848.022175573,8779,94,0.4798880383602818
15,Jawa Barat,2447376.075332,148325.82275177402,4478,52,0.4782044602928719
10,Jawa Barat,2413452.874632,146269.8711844,6225,73,0.47157604464165265
46,Jawa Timur,2396339.273493,145232.683242141,5441,142,0.46823213665839225
9,Daerah Khusus Ibukota Jakarta,2380135.141596,144250.614650372,4068,40,0.4650659341991858
64,Daerah Khusus Ibukota Jakarta,2291381.419216,138871.601176761,7984,42,0.44772392193654087
26,Kepulauan Riau,2287079.82355,138610.89843559,2483,10,0.4468834126847788
46,Jawa Barat,2167056.736074,131336.771892135,13150,177,0.42343153034121267
13,Jawa Barat,2161423.92564,130995.389425829,5508,68,0.42233090869966233
22,Jawa Tengah,2148045.977499,130184.604686378,6494,61,0.4197169277365097
1,Riau,2140740.675911,129741.859151218,1412,27,0.4182895100877153
22,Jawa Barat,2106745.565863,127681.549449921,4564,65,0.41164704372671873
35,Jawa Timur,2056835.7666119998,124656.71310359401,590,48,0.4018949304921753
35,Kepulauan Riau,1993043.442156,120790.511694063,166,10,0.38943024458027636
49,Daerah Khusus Ibukota Jakarta,1992046.616671,120730.097974131,1297,24,0.38923547010410764
1,Papua Selatan,1937131.5168239998,117401.91011673001,750,5,0.37850534736205976
10,Papua Selatan,1925002.237203,116666.80227284001,11,5,0.3761353496843981
16,Jawa Timur,1900046.3532600002,115154.324450625,4278,45,0.371259100736645
23,Jawa Timur,1888960.508463,114482.455057406,1546,44,0.36909298475574864
24,Sulawesi Selatan,1859341.924319,112687.3893229,1176,4,0.36330566862236724
86,Daerah Khusus Ibukota Jakarta,1840265.338989,111531.232660353,4640,19,0.35957820381468497
52,Banten,1810698.776669,109739.319795872,3845,32,0.35380105247310656
24,Jawa Timur,1791206.266442,108557.955542197,625,24,0.3499923181200949
52,Jawa Timur,1777598.464896,107733.240291295,1556,66,0.3473334250060913
6,Sumatera Selatan,1770788.9112220001,107320.54005631,0,6,0.3460028739018567
24,Sulawesi Tenggara,1769614.100399,107249.339418884,228,14,0.34577332202332783
10,Sumatera Utara,1733384.340576,105053.59639738301,4623,53,0.33869421680638734
22,Banten,1722255.820931,104379.1406601452,4242,30,0.3365197623838181
35,Maluku Utara,1712501.077822,103787.94411395,42,6,0.33461373669747063
63,Kepulauan Riau,1626102.874,98551.68934,30,1,0.317731980417587
35,Papua Barat,1605733.113998,97317.158419882,4,4,0.31375183605553575
19,Sulawesi Tengah,1591643.038,96463.214439045,47,3,0.31099870904084304
50,Jawa Timur,1567826.230368,95019.77153667201,1016,8,0.3063450296352312
35,Banten,1539560.10929,93306.673291158,127,20,0.30082197769772123
35,Jawa Barat,1512129.046412,91644.184622404,1947,42,0.2954620917565896
35,Riau,1509994.295741,91514.805802662,395,14,0.29504497266207247
42,Sumatera Selatan,1506208.624812,91285.371208666,92,16,0.29430527240035304
19,Kalimantan Timur,1497790.3592879998,90775.173298671,24,5,0.2926603874306573
86,Jawa Barat,1496744.366175,90711.779763115,4610,38,0.29245600585762743
10,Jawa Tengah,1482360.305179,89840.018503059,5651,72,0.28964543571487605
1,Kalimantan Barat,1466279.358766,88865.41567355601,7113,41,0.28650330305372224
1,Kalimantan Tengah,1453265.948915,88076.724174016,4428,33,0.2839605509621692
1,Kalimantan Timur,1451738.9460810001,87984.178561752,4506,29,0.28366218261026005
7,Sulawesi Tenggara,1404367.148141,85113.16050180199,1971,21,0.27440598153216145
9,Jawa Timur,1399682.5373200001,84829.244662517,0,6,0.27349063312620203
68,Maluku Utara,1385249.58792,83954.52045216,1301,7,0.2706705104454959
10,Riau,1382915.1532130002,83813.03958755899,3068,35,0.27021437413673577
12,Jawa Timur,1379696.24036,83617.95396163361,2522,37,0.2695854154331209
10,Kalimantan Timur,1365514.5433119999,82758.457171472,604,23,0.26681438614537406
17,Jawa Timur,1347804.405444,81685.115481874,1280,30,0.2633539180112601
68,Kepulauan Riau,1340952.174875,81269.828780243,927,15,0.26201502806537946
45,Jawa Barat,1330612.1882179999,80643.162922841,2587,52,0.2599946488565668
52,Kepulauan Riau,1321296.593095,80078.58139723401,694,18,0.2581744303854449
20,Sulawesi Tengah,1303540.584032,79002.45964947,146,6,0.25470499926020385
23,Kalimantan Timur,1236811.7490100001,74958.287824505,252,7,0.24166653457171547
20,Kalimantan Timur,1220467.564668,73967.731193726,253,7,0.23847296659866368
30,Jawa Barat,1214265.633971,73591.856605612,1622,32,0.23726114184004732
1,Kalimantan Utara,1203995.060132,72969.39757866699,1151,10,0.23525432553213238
15,Banten,1192357.416729,72264.085857599,4629,18,0.23298039099517834
14,Jawa Tengah,1183344.269053,71717.83448987,21100,78,0.23121926917030441
20,Sumatera Utara,1180412.077494,71540.125915489,257,14,0.2306463343050501
65,Daerah Khusus Ibukota Jakarta,1161381.3594210001,70386.749051455,513,12,0.22692783171903044
1,Sumatera Utara,1133064.807242,68670.594374725,9644,36,0.22139492580865588
41,Daerah Khusus Ibukota Jakarta,1131142.8173530002,68554.110143201,3441,21,0.22101937905602498
64,Kepulauan Riau,1131091.4937769999,68550.99961421,230,6,0.22100935069822217
27,Jawa Tengah,1095267.112084,66379.824974542,3647,19,0.2140094542436068
86,Lampung,1088184.05113,65950.548518937,425,11,0.2126254612501027
10,Lampung,1088005.186318,65939.708258629,1545,24,0.21259051200313164
62,Daerah Khusus Ibukota Jakarta,1077908.91537,65327.813052673606,4194,70,0.2106177535667299
86,Banten,1065661.359445,64585.536932314004,1674,15,0.20822464531906232
22,Kepulauan Riau,1046267.999633,63410.181786561996,1047,7,0.20443528443757014
66,Daerah Khusus Ibukota Jakarta,1044503.975373,63303.27122401082,934,27,0.20409060334106868
70,Daerah Khusus Ibukota Jakarta,1036240.446592,62802.451310839,3012,94,0.20247595312009817
46,Jawa Tengah,1032674.720775,62586.34671777361,7314,145,0.20177922898069944
24,Kepulauan Riau,1027277.8936569999,62259.26628152301,1512,10,0.20072471724248728
1,Sumatera Selatan,1011274.332372,61289.353468034,4824,27,0.1975977052298283
35,Sumatera Utara,1009284.795274,61168.77547718,67,32,0.19720896010652203
38,Jawa Timur,991390.163933,60084.252359679,67,20,0.19371244291457312
55,Jawa Barat,974642.432569,59069.238330197,1051,34,0.19044002396810403
15,Jawa Timur,952162.554626,57706.82149165864,5414,43,0.18604757361789634
14,Jawa Barat,945794.059023,57320.852064598,17326,51,0.18480320294948688
47,Sulawesi Selatan,940012.682018,56970.465577298,604,28,0.18367355217848697
23,Jawa Barat,928816.581341,56291.914014126996,771,42,0.18148589277640542
56,Bali,926074.835777,56125.747619506,3978,145,0.18095017006059225
68,Kalimantan Selatan,923989.2069300001,55999.345876010004,8,9,0.18054264911307483
6,Lampung,914051.3634,55397.05233,0,1,0.1786008465639533
68,Jawa Tengah,899665.6526830001,54525.191071519,800,47,0.17578995407436354
13,Jawa Tengah,897079.880332,54368.477601757,4287,54,0.17528470770703422
22,Jawa Timur,892811.556479,54109.791306519,1266,46,0.17445069959318021
2,Sumatera Selatan,887609.773541,53794.53172546,116,13,0.17343429846566263
10,Kalimantan Barat,884263.579121,53591.73206759,1724,39,0.17278046961084145
35,Sumatera Barat,858922.177528,52055.889546285005,29,14,0.1678288925344816
23,Banten,846374.0682069999,51295.398073236,589,18,0.16537705772820616
68,Kalimantan Timur,843972.468323,51149.846570196,145,11,0.16490779769582153
9,Sulawesi Tenggara,833054.740304,50488.166078573,1394,7,0.16277453085237492
46,Riau,829402.379867,50266.81090059,1012,24,0.16206087876221398
55,Daerah Khusus Ibukota Jakarta,826199.207325,50072.679236084005,848,22,0.16143499563288563
5,Sumatera Selatan,820861.0596210001,49749.15512871,570,11,0.16039194954467517
10,Kalimantan Utara,817809.91646,49564.237361647,63,11,0.1597957721597245
50,Kalimantan Timur,812712.988886,49255.332657627994,741,8,0.1587998592208657
93,Jawa Barat,805714.191189,48831.163094238,392,38,0.1574323308262201
35,Sumatera Selatan,800290.156621,48502.433739343,140,14,0.1563725028948514
86,Jawa Tengah,797810.719788,48352.164839384,2832,39,0.15588803393051612
9,Sumatera Selatan,790587.234918,47914.3778743,564,9,0.15447660283967998
27,Daerah Khusus Ibukota Jakarta,785878.9304760001,47629.026086327,274,14,0.1535566248243373
7,Sulawesi Selatan,785626.638635,47613.7356699,2938,3,0.15350732832067457
5,Kalimantan Tengah,779819.323441,47261.777179795,147,17,0.1523726093634662
61,Jawa Barat,762994.362647,46242.082579005,1049,43,0.14908510019107551
86,Jawa Timur,760787.388793,46108.326594672995,4692,42,0.14865386906506667
25,Jawa Barat,756775.206087,45865.164009298605,2311,44,0.14786990958909652
35,Daerah Khusus Ibukota Jakarta,755394.6036139999,45781.491125394,550,29,0.1476001471005544
56,Daerah Khusus Ibukota Jakarta,739484.258947,44817.2278223746,7483,73,0.14449134912657563
7,Sulawesi Utara,739206.5671999999,44800.398013,95,3,0.14443708961438198
6,Sumatera Barat,736536.7081469999,44638.58837255,0,3,0.14391541314611597
6,Maluku,735718.4,44588.99394,0,1,0.1437555200223196
50,Kepulauan Riau,733945.5137680001,44481.54628882,1255,5,0.14340910734292817
7,Maluku Utara,726284.3955750001,44017.236093117,266,11,0.14191216499407955
25,Jawa Timur,722368.528809,43779.910839608,1012,32,0.14114702514806718
64,Jawa Tengah,717800.823335,43503.080200832,1116,49,0.14025451943429995
20,Sumatera Selatan,716063.781552,43397.804944876,10,7,0.1399151105724098
55,Nusa Tenggara Barat,713998.455744,43272.63368377,1025,110,0.1395115567323202
68,Sulawesi Tengah,711929.0899700001,43147.217578690004,496,9,0.13910721350404465
27,Banten,689323.689348,41777.193296237005,1564,22,0.13469023668012872
7,Kepulauan Bangka Belitung,682767.4526,41379.845614458,167,8,0.13340918237579408
11,Jawa Barat,678598.293098,41127.169279031,1059,37,0.13259455045648094
33,Kalimantan Timur,670295.363089,40623.961404268004,190,13,0.13097220144203098
17,Banten,661550.035397,40093.941538449,625,14,0.12926341023859084
28,Jawa Barat,652419.97039,39540.604270284,2408,43,0.12747944337991385
73,Daerah Khusus Ibukota Jakarta,649995.3371990001,39393.656795853996,986,40,0.12700568276004137
46,Bali,648522.841806,39304.414655446,2664,121,0.1267179648764718
16,Kalimantan Utara,648248.7998,39287.80605,19,1,0.12666441850454405
23,Maluku Utara,645520.2996,39122.442400182,2140,4,0.12613128386344769
46,Sumatera Utara,639149.666905,38736.343442266996,2271,52,0.1248864956184603
21,Jawa Barat,638001.168546,38666.73748556,2233,33,0.12466208505751358
68,Riau,633076.592356,38368.278327043,69,15,0.12369984867592657
93,Daerah Khusus Ibukota Jakarta,627551.2629409999,38033.40988018201,667,33,0.12262022826226293
7,Sulawesi Tengah,620756.37532,37621.598496548,138,12,0.12129254282793088
24,Jawa Barat,616534.825678,37365.747007347,889,29,0.1204676741497984
10,Banten,614780.899141,37259.448428154,1150,29,0.12012496609545673
30,Daerah Khusus Ibukota Jakarta,595772.199383,36107.406030821,239,10,0.11641076577280687
25,Banten,591927.614502,35874.400884648,1625,27,0.11565955403358967
85,Jawa Timur,585213.471959,35467.483154182,117,21,0.11434764576437559
28,Daerah Khusus Ibukota Jakarta,574536.763343,34820.409904807,470,13,0.11226147284927673
24,Nusa Tenggara Barat,570365.140059,34567.5842436,19,2,0.11144635951987159
9,Sulawesi Tengah,570197.311208,34557.412800576,815,8,0.1114135666418489
10,Kalimantan Tengah,568762.17031,34470.434561884,796,24,0.11113314763085595
47,Jawa Timur,567095.684273,34369.435407692,5736,52,0.11080752499200547
46,Sulawesi Tengah,566740.680215,34347.920008213005,698,21,0.11073815905937713
64,Jawa Timur,565299.871025,34260.598243077,1419,53,0.1104566324938306
47,Jawa Barat,558692.287479,33860.138629411,5014,57,0.10916554529423611
47,Jawa Tengah,554136.977913,33584.05926634361,3104,42,0.10827546167593463
32,Jawa Tengah,549120.072645,33280.004408386,6012,57,0.10729518467633252
46,Kalimantan Timur,547119.705025,33158.770000812,1057,32,0.10690432332578195
77,Sulawesi Tengah,543922.83393,32965.020242,68,6,0.10627967146617635
46,Kalimantan Barat,542639.19331,32887.223834365,429,23,0.10602885481560752
27,Kepulauan Riau,530782.54159,32168.638876735,3460,13,0.10371212720116682
55,Nusa Tenggara Timur,521440.106431,31602.430691599002,644,35,0.10188666432765862
85,Daerah Khusus Ibukota Jakarta,515893.61574700003,31266.279740514,713,35,0.10080290911292243
45,Banten,507489.130764,30756.917012445,1059,27,0.09916071678872482
7,Jawa Timur,504811.9924,30594.66621,27,1,0.09863761798123473
42,Papua Barat Daya,502209.55,30436.942426399997,2,2,0.0981291143736858
1,Jambi,500067.662112,30307.131037002,717,15,0.09771060070436755
21,Jawa Tengah,494326.33506899996,29959.171825779,619,20,0.09658877548607114
64,Bali,487862.249978,29567.409095994997,320,20,0.09532572713261796
16,Sumatera Selatan,484923.500332,29389.303051727,5,5,0.09475151085152977
20,Kepulauan Riau,481315.704822,29170.648774915,954,7,0.0940465665145739
47,Banten,476269.759583,28864.833917547,1295,24,0.09306061525681468
1,Sumatera Barat,473811.41725699994,28715.843466767998,342,17,0.09258026804860701
52,Sulawesi Tenggara,464928.96253200003,28177.512880128997,28,10,0.09084468294149664
21,Banten,464194.545705,28133.002776702997,542,15,0.09070118174201797
35,Kalimantan Selatan,462767.77564,28046.531854317,13,10,0.09042239834792812
61,Jawa Timur,462196.00765399996,28011.87925071,28,50,0.09031067787966261
61,Jawa Tengah,458352.04546299996,27778.911848039003,20,46,0.08955958781080836
27,Maluku Utara,458350.9525,27778.845601515,66,2,0.08955937425156554
64,Jawa Barat,455854.226825,27627.528897948,1021,48,0.08907152713810108
19,Jawa Timur,448767.343168,27198.020801421,48,18,0.08768678720846262
24,Daerah Khusus Ibukota Jakarta,448531.340402,27183.71760455,179,7,0.0876406735046963
29,Daerah Khusus Ibukota Jakarta,443298.279609,26866.562399219998,143,9,0.08661816084821507
59,Daerah Khusus Ibukota Jakarta,440956.631666,26724.644341289997,300,20,0.08616061511093955
25,Daerah Khusus Ibukota Jakarta,432919.52903499996,26237.547216856998,375,13,0.08459020737315269
29,Jawa Timur,431930.331712,26177.595863841,1503,14,0.08439692339986545
71,Daerah Khusus Ibukota Jakarta,430798.431811,26108.995866802,1797,35,0.08417575609063208
52,Kalimantan Timur,425282.768116,25774.713218434,337,19,0.0830980243080058
24,Kalimantan Selatan,424128.8481,25704.77867515,10,2,0.08287255438369204
36,Daerah Khusus Ibukota Jakarta,418869.07547999994,25386.004572424998,23,8,0.08184482237619124
17,Riau,415057.386857,25154.9931419,117,7,0.08110003839340311
35,Sulawesi Selatan,411237.811415,24923.503721736,198,26,0.08035371336751115
23,Sumatera Selatan,411096.26157499995,24914.924950859997,659,8,0.08032605527052965
50,Kalimantan Selatan,404524.98604,24516.665820257,117,6,0.07904206246602201
68,Sumatera Utara,399368.88838300004,24204.175056262997,3810,21,0.07803458800301023
49,Jawa Timur,399126.49699799996,24189.48466419,458,34,0.07798722599656915
50,Banten,398438.54081,24147.7903567,18,6,0.0778528029624864
29,Banten,394731.276357,23923.10766319,466,12,0.07712842291530901
42,Jawa Barat,393101.94321399997,23824.360192736,765,23,0.07681005975725619
32,Jawa Barat,392812.154776,23806.797258832,1591,43,0.07675343661503065
35,Sulawesi Tengah,389824.835665,23625.747614269996,22,20,0.07616973011499692
86,Sumatera Utara,389033.23732799996,23577.771960837003,1297,23,0.07601505594810883
43,Banten,388907.633799,23570.159621341998,1819,15,0.0759905136767343
52,Sumatera Selatan,388846.546424,23566.457363475998,240,17,0.07597857752377153
55,Jawa Tengah,382867.942391,23204.117723181,758,38,0.07481038962501645
17,Kalimantan Timur,378307.4687,22927.72537,95,1,0.0739192969637512
61,Sumatera Utara,378040.84952,22911.566637544,22,25,0.07386720097312649
31,Banten,376189.280412,22799.350333128,832,17,0.07350541407208147
7,Sumatera Utara,375994.438082,22787.541695064,94,4,0.07346734290181917
68,Sumatera Barat,372668.535115,22585.971828486,73,34,0.07281747889058217
22,Daerah Khusus Ibukota Jakarta,370219.388476,22437.53869767,168,13,0.07233892847142674
9,Kalimantan Tengah,369097.291509,22369.532819457,885,10,0.07211967660412731
6,Papua Barat Daya,367859.2,22294.49697,0,1,0.0718777600111598
47,Sumatera Utara,367177.719868,22253.195143647,504,34,0.07174460236448338
45,Jawa Tengah,359887.262741,21811.349253288,1310,40,0.07032008524557985
50,Kalimantan Barat,356551.41232500004,21609.176501209997,71,2,0.06966827755493524
10,Aceh,349614.36751300003,21188.749546683997,132,18,0.06831281535041896
26,Jawa Barat,347253.936566,21045.693124147,1474,34,0.0678515995125892
8,Sulawesi Tengah,346776.723639,21016.771132711998,251,9,0.06775835460736152
68,Nusa Tenggara Barat,346591.413866,21005.540233195,178,102,0.06772214604878418
11,Jawa Timur,339079.834176,20550.292980683,164,22,0.06625442273980475
49,Jawa Barat,336998.446289,20424.148260381,565,34,0.06584773045364767
13,Banten,336143.251511,20372.318273581,1997,20,0.0656806298754485
20,Jawa Tengah,331526.22489899996,20092.498477949637,1321,59,0.06477848706977046
24,Banten,329572.178953,19974.071453101,677,22,0.06439667673158302
70,Bali,325671.188653,19737.647796767607,1090,153,0.06363444366907088
35,Daerah Istimewa Yogyakarta,320419.69366700004,19419.375373150004,9,3,0.06260832906787696
10,Kepulauan Bangka Belitung,318189.46318,19284.209888963,197,14,0.06217255371765014
9,Sulawesi Utara,316425.170337,19177.283049758,575,3,0.06182782014143793
61,Sumatera Selatan,315910.56060100003,19146.094583797,3,14,0.06172726809569975
61,Kalimantan Timur,315354.8135,19112.412940462,31,12,0.061618678024410026
52,Kalimantan Selatan,313048.365426,18972.628207599002,208,14,0.06116801015708151
28,Jawa Tengah,312654.194659,18948.739068914,448,18,0.06109099125475736
30,Kepulauan Riau,311821.370872,18898.264903037,649,15,0.06092826185097033
10,Jambi,311671.486838,18889.181017221,501,21,0.06089897529615438
14,Banten,310667.595918,18828.339144781003,467,10,0.06070282027101122
10,Sulawesi Selatan,308735.075288,18711.216683161,734,27,0.06032521586677243
58,Daerah Khusus Ibukota Jakarta,308731.72862999997,18711.013854089,586,29,0.06032456194733651
47,Sulawesi Tengah,304542.31808600004,18457.110185612,125,14,0.059505973080536796
20,Riau,304047.209194,18427.103589056,61,8,0.05940923139752717
82,Daerah Khusus Ibukota Jakarta,302419.126541,18328.431906134,1199,36,0.0590911125786675
24,Gorontalo,300002.9369,18181.99617,67,1,0.05861900178421883
46,Kepulauan Riau,298973.15536900004,18119.585175959,839,27,0.058417787869359195
78,Daerah Khusus Ibukota Jakarta,297171.49932299997,18010.393898373,3823,39,0.05806575371907275
17,Jawa Tengah,296550.560342,17972.76123314,1493,32,0.057944425496051846
23,Jawa Tengah,291608.520622,17673.243671822,441,29,0.05697877683221585
52,Sumatera Utara,287742.683373,17438.950507773,1371,27,0.05622341249165886
12,Jawa Tengah,287043.410315,17396.570328604,652,18,0.056086778200481156
86,Daerah Istimewa Yogyakarta,285809.00363500003,17321.75779464,425,6,0.055845581603790884
55,Kepulauan Riau,281683.23063099995,17071.710946532,935,13,0.05503942717883144
77,Jawa Barat,280934.22595,17026.316722491607,313,23,0.054893075589124964
55,Jawa Timur,277353.20345699997,16809.285056644,826,28,0.05419336255939397
35,Aceh,271905.63902,16479.129635398,67,24,0.05312893701492475
38,Sulawesi Tengah,270435.6085,16390.03688,0,1,0.05284170075462286
50,Riau,270064.800166,16367.563640380999,69,4,0.05276924674928226
86,Bali,269667.726439,16343.498570695,643,23,0.05269166062378631
68,Sulawesi Selatan,268800.798816,16290.957502824,314,22,0.05252226750915702
33,Kalimantan Selatan,265854.32393899997,16112.383266593,25,10,0.05194654175841347
93,Bali,265834.841221,16111.202498061,726,99,0.05194273493741031
35,Kalimantan Utara,263833.722122,15989.922556436002,19,9,0.051551726751801065
49,Jawa Tengah,262413.722099,15903.861940896,422,34,0.0512742661884414
52,Daerah Istimewa Yogyakarta,261392.873551,15841.992341871,19,8,0.051074797731648997
33,Daerah Khusus Ibukota Jakarta,259360.90093,15718.842481074,1273,46,0.05067776092952068
61,Sulawesi Selatan,254729.17088499997,15438.131570044,6,14,0.04977274515008389
6,Jawa Timur,247914.309317,15025.109657199999,28,5,0.04844115691117624
36,Jawa Barat,246402.388193,14933.478072308,203,16,0.04814573544636939
10,Sumatera Selatan,245438.80882600002,14875.07932309,872,28,0.047957457087440404
56,Jawa Barat,245248.909799,14863.570291273605,5294,96,0.04792035181268022
1,Lampung,243583.04213,14762.608613737999,436,18,0.04759484999969652
1,Jawa Barat,242367.362662,14688.931070785,1990,50,0.04735731260209604
33,Jawa Barat,238929.39402500002,14480.569334694606,345,36,0.04668555154619155
3,Jawa Barat,238502.964072,14454.72509488,150,16,0.046602229367968734
1,Jawa Timur,235691.525344,14284.334869603,1234,51,0.046052888973118565
46,Nusa Tenggara Barat,234921.238065,14237.650790949001,976,24,0.04590237887528872
79,Daerah Khusus Ibukota Jakarta,234639.578794,14220.580532338,489,51,0.04584734412969623
49,Kalimantan Selatan,234081.798551,14186.775672714,97,12,0.04573835679311387
9,Sulawesi Selatan,233721.378059,14164.93200158,143,5,0.04566793251766532
61,Kalimantan Barat,231029.143532,14001.766272855,36,6,0.04514188399903247
35,Jawa Tengah,227640.405688,13796.388223818,340,28,0.04447974238209923
18,Jawa Tengah,226386.64320599998,13720.402619303,420,18,0.0442347637631271
47,Riau,226077.06069299998,13701.640041469,85,13,0.044174272962372176
35,Bali,225585.17663,13671.828892198,15,10,0.04407816139405032
31,Jawa Tengah,225283.47913199998,13653.544193076,2706,55,0.04401921128390705
86,Aceh,220747.93710799998,13378.662855757999,342,7,0.043132990139725796
6,Sulawesi Barat,217811.6756,13200.70761,0,1,0.042559260027764396
63,Jawa Timur,217067.045687,13155.578532464999,270,9,0.04241376324480031
68,Kepulauan Bangka Belitung,216650.162226,13130.312858495001,3,7,0.04233230640108842
47,Bali,215248.178522,13045.344153392,3513,79,0.0420583661320516
61,Kalimantan Tengah,214749.572303,13015.125592181817,0,7,0.04196094108967301
68,Kalimantan Barat,211216.149286,12800.978745752,50,18,0.04127052874811995
52,Jawa Tengah,206512.560517,12515.912758642,645,56,0.04035147215057022
41,Jawa Barat,205652.711592,12463.800702289,896,26,0.040183462176436084
25,Kepulauan Riau,205227.265038,12438.016063668998,745,14,0.04010033214922462
61,Bali,205211.777145,12437.077403081,6,14,0.04009730589609262
41,Jawa Timur,204330.273402,12383.652930672,604,28,0.03992506468399763
1,Kalimantan Selatan,203755.99706,12348.848306708,1232,17,0.03981285409611411
74,Daerah Khusus Ibukota Jakarta,203111.623553,12309.795368039,506,47,0.03968694688951524
33,Kepulauan Riau,202051.664627,12245.55543133,3678,12,0.03947983646980923
61,Sumatera Barat,201278.070844,12198.670960275998,0,15,0.039328680298424644
56,Banten,201226.105061,12195.521518827,2257,40,0.03931852645673939
1,Kepulauan Bangka Belitung,197503.512488,11969.909847141,175,15,0.03859115137523696
13,Jawa Timur,196791.363228,11926.749285972,260,23,0.03845200114166279
10,Daerah Khusus Ibukota Jakarta,195783.166455,11865.646452205001,597,24,0.038255004775407116
7,Gorontalo,195512.064942,11849.216058011001,36,4,0.038202032960402685
25,Jawa Tengah,194901.844146,11812.232978554,452,29,0.03808279901456496
50,Sumatera Utara,194770.8651,11804.294854225,446,4,0.03805720639533761
47,Sulawesi Barat,194645.25285400002,11796.681990770001,101,6,0.03803266242070697
80,Daerah Khusus Ibukota Jakarta,191006.92108600002,11576.177035519,1614,12,0.037321751458955076
32,Jawa Timur,189910.16063,11509.706703882,3885,31,0.03710745021313575
3,Daerah Khusus Ibukota Jakarta,188765.32162499998,11440.322520786,4434,7,0.036883754670784745
10,Kalimantan Selatan,188352.706466,11415.315541404,137,13,0.03680313183091676
93,Jawa Timur,188158.938099,11403.5720059,1043,28,0.036765270507396836
61,Lampung,187745.615761,11378.522166241999,3,12,0.03668450948845802
20,Daerah Khusus Ibukota Jakarta,185706.95537,11254.966992777,383,25,0.036286165931117186
77,Kalimantan Timur,185476.547502,11241.002880364,201,13,0.03624114544110148
10,Sulawesi Utara,183297.078307,11108.913834662,727,14,0.035815288581330325
86,Kalimantan Timur,182761.889344,11076.47814111,1574,10,0.03571071546247634
6,Riau,181004.02365,10969.940827045,10,6,0.03536723771749895
52,Bali,180592.638118,10945.008371740607,156,18,0.035286855140303226
14,Jawa Timur,180564.952741,10943.330471875,998,13,0.03528144556271532
1,Nusa Tenggara Timur,179665.442612,10888.814704360002,192,7,0.035105685997153635
78,Nusa Tenggara Barat,178509.31515100002,10818.746374952,1948,10,0.034879784749654405
68,Papua Barat Daya,176247.1437,10681.645066061,4,2,0.03443776830244015
77,Banten,175842.737965,10657.135635897,282,16,0.03435874954100245
52,Jambi,172992.4498,10484.390898994,44,12,0.03380181816974268
52,Kalimantan Barat,172783.598436,10471.733237368,105,14,0.033761009707647414
43,Jawa Timur,172744.212674,10469.346223751,924,22,0.03375331393614329
50,Nusa Tenggara Barat,171770.001301,10410.303110320001,101,4,0.033562958138956114
46,Sumatera Barat,167370.650124,10143.675766940001,370,26,0.032703347972606545
16,Lampung,165452.584198,10027.429342824,200,11,0.03232856794178331
46,Sumatera Selatan,164425.191386,9965.163114719,1243,29,0.0321278207700988
41,Banten,163679.669662,9919.979979431,1448,12,0.0319821497319386
21,Jawa Timur,160601.270036,9733.410305451,96,15,0.03138064657655722
46,Kalimantan Selatan,158480.421636,9604.87403804,774,22,0.030966243912942303
43,Kepulauan Riau,158311.429204,9594.632073297,709,6,0.030933223677289637
33,Jawa Timur,158107.06365999999,9582.246283457,118,20,0.030893291720915615
26,Banten,158052.972068,9578.968003542,318,11,0.030882722507291502
42,Jawa Timur,157516.582163,9546.459525144,600,32,0.030777914730663925
23,Daerah Khusus Ibukota Jakarta,157200.270502,9527.289121279,213,8,0.030716109089652124
35,Kalimantan Timur,156280.40981500002,9471.53998694,4,9,0.030536373131698956
10,Kepulauan Riau,155390.51894900002,9417.607209353999,145,8,0.03036249311972027
61,Riau,154893.956961,9387.51254203,39,14,0.03026546750936682
31,Jawa Barat,153812.85899,9321.991453071,403,30,0.030054226631041393
61,Sulawesi Utara,153650.696938,9312.163452132,57,5,0.030022541015847937
59,Banten,152533.52359199998,9244.455977747999,113,7,0.02980425119829096
36,Riau,151115.59836600002,9158.521114606,0,4,0.029527196039392682
32,Banten,148939.512979,9026.637150404,309,15,0.02910200035797278
43,Jawa Barat,147935.020096,8965.758794677,1041,25,0.02890572771241385
68,Nusa Tenggara Timur,146842.390313,8899.538806962,42,31,0.028692233578453033
61,Daerah Istimewa Yogyakarta,146483.78519099997,8877.805161678,25,10,0.028622164016789516
6,Sulawesi Tenggara,145216.7837,8801.017195,0,1,0.028374598564834323
17,Sumatera Utara,144612.0656,8764.3676121,446,4,0.028256439816959578
50,Lampung,144601.6402,8763.735772,0,1,0.028254402748431127
35,Kalimantan Tengah,144310.351139,8746.081886289001,101,8,0.028197486392335012
18,Jawa Barat,139778.446636,8471.421008569,599,21,0.027311976000695685
47,Nusa Tenggara Barat,139644.48184,8463.301930173,1289,18,0.027285799981564364
61,Banten,138760.393693,8409.720829701,246,16,0.02711305379047066
46,Sulawesi Selatan,137488.457359,8332.633778777,919,39,0.026864524096052993
7,Kalimantan Barat,137046.201266,8305.830379121,107,13,0.026778109573006876
8,Banten,136861.591714,8294.641920488999,189,8,0.02674203783394361
96,Bali,136849.05467699998,8293.882101147,566,58,0.02673958816261083
1,Sulawesi Tenggara,136642.578897,8281.368417702,406,9,0.026699243877180548
45,Sulawesi Tengah,135531.618612,8214.03748982,193,4,0.02648216805918507
45,Jawa Timur,135439.58473200002,8208.459681462213,793,42,0.02646418512131228
27,Jawa Timur,134407.237527,8145.893183374001,167,11,0.026262469887197753
42,Sumatera Barat,133543.85043,8093.566690125,25,14,0.026093768572795672
35,Lampung,133405.755836,8085.197320249001,34,7,0.026066785612776266
6,Sumatera Utara,132608.114,8036.855392,1,1,0.025910930577852938
20,Lampung,130812.06892199999,7928.004178689,100,10,0.02555999278131092
46,Daerah Istimewa Yogyakarta,129913.406479,7873.539787375,406,20,0.02538439884915156
22,Sumatera Utara,128370.879373,7780.053295373,399,17,0.025082997135844467
53,Banten,128136.994281,7765.878440391,5,6,0.025037297214480628
49,Maluku Utara,127911.648002,7752.221092429,26,6,0.024993265732431602
52,Maluku Utara,126094.230442,7642.074571955,163,11,0.024638151864903625
17,Jambi,125748.1302,7621.098799,0,1,0.0245705256912636
49,Riau,125410.049364,7600.609052379001,86,8,0.024504466467532404
9,Jawa Barat,124987.423048,7574.995335641001,334,22,0.024421887500047423
23,Sumatera Utara,124472.02586099999,7543.759144205999,149,13,0.02432118159051026
26,Daerah Khusus Ibukota Jakarta,122853.327955,7445.656239387,177,19,0.0240048965020361
42,Jawa Tengah,121920.11430399999,7389.097837986,114,27,0.023822551444890004
93,Kepulauan Riau,121054.99282300001,7336.666234466001,22,11,0.023653511240942907
8,Jawa Tengah,120471.74487000001,7301.317871264,40,13,0.02353954764728334
23,Sulawesi Tenggara,119701.79561999999,7254.654279061,2,3,0.02338910359854873
1,Aceh,118923.11976500001,7207.461804954,231,14,0.023236954416926598
55,Banten,118354.343822,7172.990534287999,313,11,0.023125818578184285
1,Papua Barat Daya,117275.78267,7107.623191881,213,5,0.022915073380997925
86,Riau,117222.107741,7104.370165975,273,11,0.022904585581140596
28,Banten,117152.42263999999,7100.146826829,445,17,0.022890969477571535
30,Jawa Timur,117012.080644,7091.641250068001,586,11,0.022863547386978246
8,Kepulauan Riau,116944.013821,7087.515989113999,469,5,0.022850247486450228
1,Banten,116850.79621100001,7081.866436357001,311,15,0.02283203325393846
85,Sumatera Utara,116655.83916199999,7070.050857485,0,2,0.022793939668184708
46,Lampung,116553.301229,7063.836438576001,664,27,0.022773904293399424
53,Daerah Khusus Ibukota Jakarta,116368.306629,7052.624643588,592,15,0.022737757317974696
2,Gorontalo,116264.2033,7046.315351,31,1,0.022717416073014057
50,Sulawesi Utara,115939.702221,7026.648620819,19,4,0.02265401026263953
63,Banten,115618.229691,7007.165436215,197,14,0.022591196214869297
31,Jawa Timur,115299.10501500001,6987.824545089999,514,28,0.022528840925467357
64,Kalimantan Timur,114651.218022,6948.5586659420005,90,14,0.022402247202115578
86,Sumatera Selatan,113644.89405,6887.569335653,255,10,0.022205616771361385
36,Jawa Timur,112810.10645299999,6836.976148796,200,10,0.022042503649391185
55,Sulawesi Selatan,112493.42546000001,6817.7833593000005,105,8,0.021980625842841973
8,Jawa Barat,111058.99394799999,6730.848117778999,130,17,0.021700345442156106
61,Kalimantan Selatan,110124.492737,6674.211680476,65,7,0.02151774880253313
28,Kepulauan Riau,109824.62339200001,6656.037781710001,432,10,0.021459155903906124
56,Jawa Timur,109501.503156,6636.454736398,3136,76,0.021396019903017854
47,Sumatera Selatan,109305.542682,6624.578344791999,762,17,0.021357730253277283
90,Banten,108914.6,6600.8848485339995,55,4,0.021281342101846207
2,Kalimantan Tengah,106630.318065,6462.443518549,527,14,0.020835005381922504
33,Banten,106454.288378,6451.775053249,384,16,0.020800610103519718
41,Nusa Tenggara Barat,105683.200304,6405.04244239,19,9,0.020649943534543223
56,Nusa Tenggara Barat,105130.775431,6371.562146681,602,62,0.020542002609195455
45,Sumatera Selatan,104138.348757,6311.415077548,248,13,0.020348087637645344
10,Sumatera Barat,104072.137484,6307.402271846,176,21,0.02033515030186381
32,Kepulauan Riau,102645.528307,6220.94110939,205,7,0.02005639834444607
61,Sulawesi Tenggara,102199.657579,6193.918642303,0,3,0.019969277540662488
52,Sulawesi Selatan,100396.188033,6084.617456576,118,20,0.01961688904197923
29,Jawa Tengah,99259.51802300001,6015.728364778606,1357,11,0.019394789678443776
8,Jawa Timur,98123.426045,5946.874305257999,112,16,0.019172803259332093
61,Aceh,97041.289302,5881.290260821,0,8,0.018961359410401276
64,Sumatera Selatan,96519.27835,5849.653233696,106,16,0.018859361205840797
47,Papua Barat Daya,96307.368998,5836.8102422,257,3,0.01881795522891491
93,Jawa Tengah,96052.34529900001,5821.354260332,228,31,0.01876812493451455
3,Papua,95928.099834,5813.8242323,49,2,0.018743848021729043
49,Banten,95711.122286,5800.674079027,167,11,0.018701451745863296
1,Kepulauan Riau,95318.822491,5776.898332796,38,7,0.018624798421663608
11,Banten,94543.08010299999,5729.883643022,41,9,0.01847322242412121
2,Kalimantan Timur,94424.819364,5722.7163244,72,10,0.018450114895434737
46,Jambi,94013.023063,5697.758972758999,861,16,0.018369652056128935
71,Jawa Barat,92167.124241,5585.886317933,568,31,0.01800897309925468
5,Kalimantan Utara,92112.04096099999,5582.5479373,36,4,0.017998210114992037
68,Daerah Istimewa Yogyakarta,91698.19495599999,5557.4663609009995,47,7,0.017917346774265566
10,Sulawesi Tengah,90915.672014,5510.040728360001,298,11,0.017764445892003267
8,Sulawesi Barat,90780.13512,5501.8263707060005,29,4,0.017737962693160914
50,Sumatera Selatan,90435.31894,5480.928421211,22,3,0.0176705874185069
42,Aceh,89499.09166800001,5424.1873735770005,4,19,0.01748765351560949
64,Kalimantan Tengah,88254.087543,5348.73257811,60,7,0.01724438623369931
46,Sulawesi Barat,87662.64327,5312.88747159,113,4,0.017128821122062387
8,Kalimantan Barat,87168.651938,5282.948602494,74,13,0.0170322978044205
41,Kepulauan Riau,86722.45304,5255.906244809999,84,6,0.01694511287793861
56,Jawa Tengah,86678.58394699999,5253.247511616,2461,76,0.01693654108705079
9,Banten,86232.589594,5226.217551042,448,9,0.01684939612759003
47,Kalimantan Timur,85704.64132200001,5194.220685685001,559,9,0.016746237801814515
18,Banten,85147.13851,5160.432636689,73,7,0.01663730467379574
86,Sulawesi Selatan,85017.47236700001,5152.574083285,143,9,0.016611968588934666
33,Jawa Tengah,83976.44538399999,5089.481538755999,248,16,0.016408557371683022
38,Sulawesi Selatan,83633.359369,5068.68844724,0,5,0.01634152016220354
2,Kalimantan Barat,82977.11875,5028.9162880799995,44,12,0.016213294184106327
47,Nusa Tenggara Timur,82830.894432,5020.054207767,1164,22,0.016184722718618993
42,Sulawesi Selatan,82682.24967599999,5011.045434859,53,18,0.01615567831223012
49,Kalimantan Barat,82593.38591299999,5005.659751813,48,5,0.016138314798606966
11,Bali,81712.263527,4952.258396040001,37,9,0.01596614810167138
52,Aceh,81549.769272,4942.410259128001,3,9,0.015934397575752542
47,Daerah Istimewa Yogyakarta,81229.797825,4923.018049908,317,9,0.015871876831734476
61,Bengkulu,80768.746414,4895.075539728,0,4,0.015781789802043047
38,Daerah Khusus Ibukota Jakarta,80403.06131399999,4872.912807165,69,12,0.015710336849779096
93,Sumatera Utara,80317.283347,4867.714142428,27,12,0.015693576284524044
9,Nusa Tenggara Barat,80044.95785400001,4851.209566832999,36,7,0.01564036531024156
85,Jawa Barat,79941.125072,4844.916670982,545,29,0.015620076928746991
9,Riau,77660.44840699999,4706.693843462,7,6,0.01517444465968882
38,Jawa Barat,77620.00531000001,4704.242745495,422,27,0.015166542290466378
11,Nusa Tenggara Barat,76231.16986,4620.07090033,0,2,0.01489517112136121
74,Bali,76071.611119,4610.400673309,170,61,0.01486399417949519
31,Kepulauan Riau,76041.417652,4608.57076661,51,2,0.014858094534264267
78,Banten,75643.387393,4584.447720464,1527,16,0.014780321507427963
86,Kepulauan Riau,75614.04469600001,4582.669375316,322,5,0.014774588098196808
49,Sumatera Barat,74885.565009,4538.51909117,30,9,0.014632246984762122
18,Jawa Timur,74773.955913,4531.754903584,277,13,0.014610439152261671
64,Kalimantan Selatan,74244.18789100001,4499.647750611,128,11,0.01450692525687207
24,Kepulauan Bangka Belitung,74123.74947,4492.348453206,55,7,0.01448339222053436
3,Lampung,74060.356595,4488.506460715,98,10,0.014471005584952954
64,Gorontalo,73185.982563,4435.514095097,23,3,0.014300157481026
47,Sulawesi Tenggara,73087.614397,4429.552387074,315,16,0.014280936856861956
43,Nusa Tenggara Barat,72768.664552,4410.222093593,351,7,0.014218615728521256
35,Kepulauan Bangka Belitung,72374.479014,4386.332061613,9,5,0.014141593940021109
61,Nusa Tenggara Timur,71872.035996,4355.88096945,15,11,0.01404341920722365
42,Riau,71441.96434199999,4329.816020292,59,11,0.013959385459708798
55,Sumatera Utara,71226.092924,4316.732903937,60,18,0.013917205315848669
19,Jawa Barat,70720.037859,4286.062900021,100,19,0.013818324807995387
41,Sulawesi Selatan,70549.58490999999,4275.732418192,84,18,0.01378501919497438
47,Kalimantan Selatan,70335.895789,4262.78156239,135,13,0.013743265460512301
80,Jawa Timur,69653.265767,4221.410045786,271,17,0.01360988313135558
16,Jawa Barat,69550.984766,4215.2111977839995,2111,26,0.01358989795973671
68,Sulawesi Utara,68636.63948499999,4159.796332328,72,7,0.013411239683213914
93,Banten,68074.542993,4125.729878021,249,15,0.013301408974195107
61,Nusa Tenggara Barat,67983.605333,4120.218505440001,8,5,0.013283640231965863
47,Sulawesi Utara,67903.72451500001,4115.37724386,1213,16,0.013268031938722965
36,Banten,67462.245008,4088.620909735,192,8,0.01318176915651175
3,Nusa Tenggara Barat,67421.640769,4086.160047285,409,15,0.013173835300986925
1,Daerah Khusus Ibukota Jakarta,67397.9198,4084.7224120319997,162,16,0.01316920034794779
69,Daerah Khusus Ibukota Jakarta,66645.207269,4039.1034707810004,923,13,0.01302212426378132
79,Bali,66001.548772,4000.093864624,228,71,0.012896356766389623
24,Sumatera Utara,65341.764716,3960.10695202,30,4,0.01276743841927106
42,Jambi,64255.487442,3894.271966012,63,7,0.012555185532280199
61,Jambi,64164.994926,3888.787570767,0,6,0.012537503768855892
45,Sulawesi Tenggara,64142.140778,3887.40247128,88,4,0.012533038188097811
51,Bali,63648.76622,3857.500983,5,1,0.012436635384863485
70,Jawa Barat,62982.730579999996,3817.135186588,201,30,0.012306495510991094
42,Kepulauan Riau,62663.424841,3797.783323703,1715,9,0.012244104842827765
24,Kalimantan Timur,62584.274065000005,3792.98630703,63,2,0.012228639195966071
41,Jawa Tengah,62227.572582,3771.368035317,873,23,0.012158941595387647
49,Kalimantan Timur,61961.613604,3755.249308348,157,10,0.012106974604774124
9,Kalimantan Barat,61807.51223,3745.9098320999997,795,3,0.012076864003822017
77,Jawa Timur,61782.218302,3744.3768666710002,140,20,0.012071921702836956
80,Sumatera Selatan,61535.761482,3729.4400889000003,222,3,0.012023765331700733
10,Sulawesi Barat,61486.157380000004,3726.433781638,9,8,0.01201407295010711
41,Sumatera Utara,61003.560071,3697.185458326,399,9,0.011919775964852063
1,Bengkulu,60676.061524000004,3677.33706221,633,10,0.011855784464937779
70,Banten,60674.723801,3677.2559884720004,189,20,0.01185552308087356
64,Banten,60592.469123999996,3672.270855734,809,21,0.011839450948021638
80,Bali,60441.81059200001,3663.140035243,71,7,0.011810013060355028
17,Kalimantan Utara,59461.40639,3603.721599,45,1,0.011618447216833134
52,Bengkulu,59150.502892000004,3584.8789630310002,38,8,0.011557698302531484
19,Banten,58836.311712,3565.8370736389998,128,9,0.011496306992395261
36,Bali,58805.324732,3563.95907415,8,3,0.011490252298882333
86,Sumatera Barat,58717.958853000004,3558.664173204,223,8,0.011473181463943515
78,Jawa Barat,58606.167744,3551.888953896,601,30,0.011451338067056652
59,Jawa Barat,58532.636731,3547.432529335,75,24,0.011436970492436277
16,Kalimantan Selatan,57722.405145000004,3498.3275848330004,809,6,0.0112786554863362
1,Jawa Tengah,57550.523752,3487.910530825,388,32,0.011245070762842977
77,Nusa Tenggara Barat,57529.263359,3486.622021613,19,5,0.011240916593460243
46,Nusa Tenggara Timur,57075.016043999996,3459.091881439,177,22,0.011152159048472152
45,Kalimantan Timur,56740.266743,3438.804044544,236,11,0.011086750789221923
47,Kalimantan Barat,56679.440751999995,3435.11762157,754,14,0.011074865709323041
47,Papua Barat,56305.076175,3412.428859117,328,4,0.011001716832735788
18,Daerah Khusus Ibukota Jakarta,55958.189376,3391.405416178,101,9,0.01093393696997971
47,Aceh,55554.78912,3366.956916049,96,23,0.010855114673869652
3,Kepulauan Bangka Belitung,54791.069888,3320.670902637,233,8,0.010705887938005487
47,Lampung,53999.507034,3272.6973960050004,443,16,0.010551220704309658
20,Kalimantan Tengah,53767.861847,3258.6582937020003,5,4,0.010505958448645191
80,Kalimantan Timur,53739.223507999995,3256.922636147,146,6,0.01050036266727623
45,Bali,53612.682046,3249.253456843,172,18,0.010475637128708493
6,Nusa Tenggara Timur,53274.836254,3228.7779548,1,2,0.010409623831343208
71,Maluku Utara,52588.87702,3187.204667652,0,3,0.010275590991607539
28,Riau,52450.252077,3178.803156277,0,5,0.010248504404172687
10,Bali,52418.325436,3176.868207477212,640,23,0.010242266105824405
41,Kalimantan Timur,52405.104981000004,3176.0669681729996,297,9,0.010239682898195704
26,Jawa Tengah,52251.651069,3166.7667319509997,455,13,0.01020969880792554
47,Gorontalo,52085.403034999996,3156.6910930000004,187,6,0.01017721481326079
31,Sumatera Utara,51648.239698000005,3130.196345611,45,6,0.01009179538804983
42,Kalimantan Selatan,51327.970509,3110.786091629,231,12,0.010029216466805206
61,Kepulauan Riau,51024.993889000005,3092.423872409,48,12,0.009970016422926048
38,Kepulauan Riau,50983.548777,3089.91204645,34,5,0.009961918265223394
82,Banten,50568.851785,3064.778895405,156,10,0.009880888646096495
19,Daerah Khusus Ibukota Jakarta,50039.6964,3032.7088723350003,15,7,0.00977749445676633
47,Bengkulu,49732.699537,3014.103001941,311,10,0.009717508878471991
2,Maluku,49629.59537,3007.854265092,29,4,0.009697362864530308
52,Kalimantan Tengah,49550.372811,3003.0528975780003,8,10,0.009681883191646574
30,Banten,48819.764699,2958.773618119,86,12,0.009539126195120342
49,Sumatera Utara,48575.868896,2943.992054071,135,13,0.009491470233285587
43,Sumatera Utara,48551.15953,2942.494516647818,215,11,0.009486642152652084
23,Kepulauan Riau,48471.606346,2937.6731118179996,29,4,0.009471097877375904
42,Banten,48471.562988,2937.670484254,601,11,0.00947108940544991
46,Kepulauan Bangka Belitung,48021.539361999996,2910.3963251819996,199,12,0.009383157147159291
28,Jawa Timur,47584.421419,2883.904328005,274,23,0.009297746591698056
3,Sulawesi Utara,47418.936866000004,2873.87496189,23,4,0.009265411777219889
59,Bali,47181.63165,2859.492826742,139,26,0.009219043581548705
10,Bengkulu,46802.035149,2836.48697887,55,9,0.009144872414428367
55,Kalimantan Utara,46510.0,2818.787879,68,1,0.009087810276646721
23,Kalimantan Barat,46060.5777,2791.5501642550003,39,7,0.008999995514305416
86,Kalimantan Tengah,45874.121672,2780.249798589,37,6,0.008963562983507714
81,Daerah Khusus Ibukota Jakarta,45777.770257,2774.41031858,1611,20,0.008944736421920818
62,Banten,45576.081779,2762.186774712,217,13,0.008905327550214741
85,Banten,45059.565462,2730.882755218,418,11,0.008804402968540084
86,Sulawesi Utara,44964.32479,2725.110592722,70,6,0.008785793440314835
17,Kepulauan Riau,44696.921135000004,2708.90431145,168,4,0.008733544167385962
61,Kepulauan Bangka Belitung,44449.702269,2693.921349912,0,5,0.008685238896454641
11,Jawa Tengah,44140.735968,2675.196118851,85,23,0.00862486850029542
77,Kalimantan Barat,44026.418243,2668.2677725000003,105,4,0.008602531415882223
9,Sumatera Utara,43447.712029999995,2633.194667939,22,3,0.008489455254418864
22,Lampung,43145.271416,2614.864934488,67,5,0.008430359943303309
93,Aceh,42516.443849999996,2576.754172878,14,5,0.008307490332111445
50,Sulawesi Selatan,42482.488925,2574.69629898,7,4,0.00830085571769825
80,Papua Tengah,42093.62031,2551.128503,78,1,0.008224872828090372
64,Kalimantan Barat,41506.358293,2515.536866162,53,7,0.008110124907359843
62,Jawa Barat,41001.534842,2484.941505364,480,21,0.008011485050428214
25,Kalimantan Timur,40952.651123,2481.978856045,19,6,0.008001933427897815
20,Kalimantan Barat,40922.930099,2480.177581489,204,7,0.007996126095553379
45,Kalimantan Barat,40774.914011,2471.2069100559997,164,10,0.00796720452759734
80,Jawa Barat,40522.134638,2455.886947569,1084,24,0.007917812762736585
21,Sumatera Selatan,40378.81232,2447.200747,22,1,0.007889808332842082
8,Kalimantan Timur,40107.303579,2430.745671173,193,8,0.007836756947620427
7,Jawa Barat,39914.930026,2419.086668203,8,4,0.00779916816344695
56,Sumatera Utara,39758.39241,2409.599539923,561,31,0.007768581533574522
77,Kalimantan Selatan,39214.788588999996,2376.653853478,293,8,0.007662364195563165
70,Kepulauan Riau,39179.73531,2374.529412707,152,7,0.0076555149685340025
47,Kepulauan Riau,39176.847691,2374.3544055009997,230,8,0.007654950742913206
8,Sulawesi Tenggara,38862.17624,2355.283407945,10,9,0.007593465590340316
64,Sumatera Utara,38582.100173,2338.3091013069998,179,19,0.007538740194513065
52,Nusa Tenggara Barat,38463.833763,2331.141440147,14,10,0.007515631557742907
31,Daerah Khusus Ibukota Jakarta,38410.137294,2327.887109363,97,9,0.00750513954908245
64,Riau,38303.36887,2321.416294648,91,12,0.007484277558524536
55,Riau,38031.771789,2304.9558657519997,134,5,0.007431208912129802
19,Sulawesi Tenggara,37452.84723,2269.869529,1,1,0.007318090087002229
55,Aceh,37310.9696,2261.270884639,68,4,0.007290367941572423
36,Jawa Tengah,37077.716132,2247.134311045,63,9,0.007244791436228328
12,Jawa Barat,36960.771944,2240.04678483,414,4,0.007221941154708215
47,Kalimantan Tengah,36842.461222,2232.8764375,112,13,0.007198823859605461
55,Kalimantan Selatan,36588.024384000004,2217.456022723,95,7,0.007149108234769212
82,Jawa Barat,36459.520301000004,2209.66789698,188,21,0.007123999210342671
49,Sumatera Selatan,36142.823032,2190.4741228099997,163,13,0.007062118223548343
46,Sulawesi Utara,35692.61258,2163.1886412,693,19,0.006974149460436339
52,Sulawesi Tengah,35495.026438,2151.213723103,57,14,0.0069355421636874545
5,Aceh,35450.241318,2148.49947409,26,2,0.00692679138592403
68,Jambi,35354.561465,2142.700695053,10,6,0.006908096044032793
90,Daerah Khusus Ibukota Jakarta,35212.503276,2134.091107294,254,11,0.006880338618320559
35,Bengkulu,35148.817450999995,2130.231360304,34,8,0.006867894741844279
55,Kalimantan Tengah,35020.559605,2122.458158321,23,3,0.006842833830837199
45,Sulawesi Selatan,34957.797902,2118.654417994,168,16,0.006830570522957102
55,Sulawesi Utara,34589.667119000005,2096.343461444,93,16,0.0067586396970509026
46,Sulawesi Tenggara,34581.420845,2095.843687406606,379,14,0.006757028418323719
38,Banten,34540.228069,2093.347155739,82,12,0.006748979565753166
55,Daerah Istimewa Yogyakarta,34535.729502999995,2093.074515205,166,8,0.00674810056953031
41,Jambi,34229.429096,2074.5108545760004,26,3,0.006688251075088779
41,Bali,34118.184599,2067.768763687,117,11,0.0066665144833223415
45,Kepulauan Bangka Belitung,33979.677642,2059.374403097,13,6,0.006639450949733617
35,Nusa Tenggara Barat,33331.362218999995,2020.082558713,24,12,0.006512773513404912
64,Maluku,33305.467643,2018.513190667,11,2,0.0065077138489481896
10,Maluku Utara,33174.026932,2010.54708636,875,3,0.006482031022799069
49,Kepulauan Riau,33068.125222999995,2004.128801074,46,5,0.006461338383810365
51,Banten,32998.19805399999,1999.890791536,308,4,0.006447674981422598
56,Sulawesi Selatan,32941.842965,1996.4753311579998,648,21,0.006436663492345938
43,Sulawesi Utara,32882.691009999995,1992.890363665,190,3,0.0064251055103091105
3,Jawa Timur,32738.428924,1984.1472074919998,161,20,0.006396917454672017
9,Aceh,32632.31844,1977.716268728,0,4,0.006376184022142342
86,Nusa Tenggara Barat,32580.73231,1974.58983717,271,6,0.006366104362663812
35,Sulawesi Tenggara,32579.765458,1974.531239871,4,12,0.006365915444849545
86,Kalimantan Barat,32178.694551,1950.2239114870001,54,7,0.0062875482913277506
43,Jawa Tengah,32006.691308,1939.799473005,655,20,0.006253939758983052
24,Jawa Tengah,31980.077368,1938.186506881,236,10,0.006248739534570364
11,Kepulauan Riau,31736.119022,1923.401153125,49,4,0.00620107135216115
1,Papua,31676.649400000002,1919.7969338399998,119,3,0.006189451299657176
70,Jawa Timur,31631.450763,1917.057622048,104,18,0.006180619722838878
33,Sulawesi Tenggara,31539.653327,1911.49414058,106,3,0.006162682984884662
20,Kalimantan Selatan,31356.878616999995,1900.416885906,0,4,0.006126969764333184
55,Lampung,31268.409062,1895.055094892,173,9,0.006109683276887488
2,Jambi,31229.797566999998,1892.715003874,15,4,0.006102138793097815
43,Kalimantan Timur,31096.140176,1884.614556189,56,7,0.006076022839292622
42,Sumatera Utara,31001.340627,1878.869128622,693,22,0.006057499504189984
45,Kalimantan Selatan,31000.962739,1878.84622696,339,12,0.006057425666855005
78,Jawa Timur,30984.628152999998,1877.85625172,726,26,0.006054233974347683
73,Banten,30842.812192,1869.2613446,121,9,0.0060265238787173174
80,Jawa Tengah,30737.688267999998,1862.890197871,308,15,0.006005983214841836
17,Daerah Khusus Ibukota Jakarta,30670.495511999998,1858.8179102089998,238,5,0.0059928541024253015
93,Jambi,30590.089,1853.944787457,20,4,0.005977143091329561
73,Bali,30574.445012,1852.9966671700001,91,43,0.005974086338052542
66,Sumatera Selatan,30560.861901,1852.173449,41,2,0.005971432269341843
50,Papua Barat,30146.074063,1827.0347915,13,2,0.005890384899382597
7,Sumatera Barat,30030.0,1820.0000001180001,31,3,0.005867704635727823
95,Daerah Khusus Ibukota Jakarta,29962.263226000003,1815.894741162,257,20,0.005854469225044873
12,Kepulauan Riau,29773.031770999998,1804.4261679390002,105,5,0.00581749439035526
35,Nusa Tenggara Timur,29698.585588,1799.91427805,84,11,0.0058029479963125925
42,Nusa Tenggara Barat,29437.952003,1784.118303123,22,11,0.005752021559584957
23,Riau,29330.718070000003,1777.619276976,89,7,0.0057310686110078205
50,Kalimantan Utara,29296.56264,1775.5492509,353,2,0.005724394818968317
23,Kalimantan Selatan,29270.268127,1773.955643868,49,7,0.005719257008917558
1,Papua Barat,28605.599615,1733.67270422,208,4,0.005589384264692293
93,Kalimantan Timur,28504.067726,1727.519255781,72,13,0.005569545465632702
6,Jawa Barat,28247.626622,1711.9773702119999,21,6,0.005519438217722879
45,Lampung,27939.883553,1693.326275879,38,16,0.005459306834686436
35,Sulawesi Utara,27424.899855,1662.115142691,124,9,0.0053586817187330936
33,Nusa Tenggara Barat,27347.20367,1657.406283082,41,6,0.005343500291330401
5,Bengkulu,27322.584418,1655.91420703,207,3,0.0053386898185002795
82,Jawa Timur,27219.040773,1649.638834846,1191,26,0.005318457932860364
93,Nusa Tenggara Barat,27217.110151,1649.521827234,105,26,0.005318080699438479
59,Jawa Timur,26976.735214,1634.9536493169999,115,19,0.005271112696369957
3,Jawa Tengah,26706.854938,1618.59726905,141,16,0.005218379504675762
71,Kepulauan Riau,26423.933891,1601.4505387509998,105,6,0.005163098214664877
68,Sulawesi Tenggara,26412.023555,1600.72870052,32,11,0.005160770997423442
74,Banten,26328.038102,1595.638672953,124,9,0.005144360680010795
68,Sumatera Selatan,26227.283203,1589.5323151960001,92,12,0.005124673700725594
85,Bali,25990.505421,1575.182146887,134,46,0.005078408562894134
64,Bengkulu,25756.532003,1561.0019399999999,756,2,0.005032691383092746
86,Jambi,25715.871483,1558.537665536,90,7,0.005024746530555446
7,Aceh,25710.466253,1558.2100758961,54,14,0.005023690376938124
74,Kepulauan Riau,25629.957777,1553.33077409,1,3,0.005007959442611098
41,Sulawesi Tenggara,25562.459593,1549.2399750959999,18,7,0.004994770651163879
43,Riau,25493.679969999997,1545.0715136099998,103,6,0.004981331473251101
3,Bengkulu,25395.010098,1539.09152109,41,4,0.004962051897315667
16,Banten,25298.979344,1533.271475442606,120,10,0.004943287991207834
41,Aceh,24750.864998,1500.052424146,18,12,0.00483618932024769
9,Jawa Tengah,24428.442774,1480.511683065,124,5,0.0047731897072464755
71,Banten,24366.514868,1476.7584770600001,314,10,0.0047610893189308865
82,Bali,24347.964055,1475.634185078,55,60,0.004757464587281316
64,Sulawesi Selatan,24300.126803,1472.734957752,158,22,0.004748117438918982
71,Sumatera Utara,24207.483506,1467.120212373,8,4,0.004730015424157876
11,Sumatera Utara,24155.422995,1463.96502972,0,6,0.004719843073117814
80,Sumatera Utara,24154.765996,1463.925211486,246,6,0.004719714698956044
49,Jambi,24135.445649,1462.7542816,134,4,0.004715939604395412
7,Lampung,24006.81666,1454.958585,13,1,0.004690806173991007
55,Kalimantan Barat,23978.639499,1453.250878509,151,4,0.004685300504386567
64,Aceh,23910.101989,1449.0970904179999,66,8,0.00467190863408526
77,Sumatera Selatan,23783.1796,1441.404823978,324,8,0.004647108664377869
21,Daerah Khusus Ibukota Jakarta,23712.321060000002,1437.110366582,289,9,0.004633263276977307
62,Bali,23413.525054,1419.00151846,135,34,0.004574880103166345
47,Kepulauan Bangka Belitung,23183.194645,1405.04209976,219,7,0.004529874748233332
42,Nusa Tenggara Timur,23090.579317,1399.4290495540001,23,18,0.004511778198468262
77,Kalimantan Tengah,22981.054422,1392.791177073,0,3,0.004490377607921505
50,Jawa Barat,22892.50405,1387.424487309,6,3,0.004473075329257508
52,Sulawesi Utara,22832.377074,1383.780428714,96,8,0.004461326833226623
21,Sumatera Utara,22591.221679,1369.164949697,2,3,0.004414206332754685
86,Sulawesi Tenggara,22532.479717,1365.60483118,103,3,0.0044027284612016
8,Kalimantan Selatan,22369.749302,1355.742382043,77,8,0.004370931790856299
80,Jambi,22323.030937,1352.910965818,53,3,0.0043618032671505335
1,Sulawesi Barat,22290.182685,1350.9201629969998,29,4,0.00435538489084231
20,Nusa Tenggara Barat,22187.23352,1344.68081961,0,2,0.00433526916347918
23,Sulawesi Tengah,21885.732349,1326.408021081,1010,6,0.00427635741460292
68,Lampung,21881.28336,1326.138385613,11,14,0.004275488105466071
53,Jawa Timur,21601.267314999997,1309.167715963606,15,7,0.00422077443762309
86,Kepulauan Bangka Belitung,21480.801485,1301.866756745,138,5,0.00419723604571041
47,Jambi,21440.238823,1299.408413539,620,12,0.004189310314113512
46,Kalimantan Utara,21336.972776,1293.149865394,30,6,0.004169132669668118
90,Bali,21229.907132,1286.661038232,55,25,0.004148212603879706
9,Maluku Utara,21017.239507000002,1273.772091157,139,4,0.004106658464383146
52,Sumatera Barat,21002.686554,1272.890094227,40,7,0.004103814893627847
52,Lampung,20763.955759,1258.421561095,101,17,0.004057168147290434
5,Sumatera Barat,20527.122649999998,1244.068039754,54,4,0.0040108921988531
77,Bali,20456.587252,1239.793166833,26,37,0.003997109951705997
68,Bengkulu,20399.387589,1236.3265202110001,98,7,0.003985933437295502
46,Kalimantan Tengah,20348.811088,1233.261278112,307,14,0.003976051054032878
13,Kepulauan Riau,20220.236738,1225.468893392,0,3,0.003950928299802752
50,Bali,20209.41394,1224.812965831,116,10,0.003948813581787562
71,Jawa Timur,20026.511721,1213.7279830779999,293,17,0.003913075446645664
74,Jambi,20000.0,1212.121212,0,1,0.003907895195289926
64,Sumatera Barat,19967.181224,1210.132195384,66,12,0.003901482578437641
5,Riau,19871.336698,1204.32343642,0,3,0.0038827550603051293
96,Daerah Khusus Ibukota Jakarta,19815.192544,1200.920760196,434,11,0.0038717847868221184
9,Kepulauan Riau,19736.242682,1196.135920061,45,6,0.003856358397503188
9,Jambi,19601.84006,1187.990307253,0,4,0.0038300968294657798
45,Kepulauan Riau,19601.13799,1187.947756753,94,3,0.0038299596486667913
86,Kalimantan Selatan,19541.175323,1184.3136561699998,167,6,0.0038182432577534885
10,Nusa Tenggara Timur,19468.240171,1179.89334374,69,8,0.003803992111250061
46,Maluku Utara,19422.530656,1177.123070023,61,15,0.0037950607115476843
81,Banten,19268.941813,1167.814655314818,363,10,0.003765050256467193
42,Kalimantan Timur,18898.580302000002,1145.368503213,105,10,0.0036926835579993325
25,Sumatera Utara,18795.037706,1139.093194306,35,7,0.003672451877328519
18,Kepulauan Riau,18632.07497,1129.216665,2,1,0.003640609812677235
68,Papua,18608.5,1127.787879,0,1,0.003636003387077629
3,Banten,18567.867193,1125.325284365,218,9,0.0036280639495153066
72,Daerah Khusus Ibukota Jakarta,18449.292503,1118.138939550242,160,14,0.0036048950764486073
16,Kalimantan Barat,18447.852827000002,1118.051686529,4,6,0.003604613771302449
64,Papua Tengah,18432.525212,1117.12274003,13,2,0.0036016188356517613
41,Sulawesi Utara,18405.955710000002,1115.51246736,101,5,0.0035964272941914088
81,Jawa Barat,18341.181137,1111.586735349,237,21,0.0035837706820612257
41,Sulawesi Barat,18324.849000000002,1110.5969089740001,28,5,0.0035805794680756706
46,Bengkulu,18246.62295,1105.855936517,265,11,0.0035652945078285944
16,Jambi,18228.03063,1104.7291291819997,28,4,0.00356166166592873
77,Kepulauan Riau,18121.73443,1098.2869351049999,25,7,0.003540891945465851
11,Riau,17761.159043,1076.4338814,1,2,0.0034704374043459953
14,Bali,17568.536265000002,1064.759773728,118,16,0.0034327999229135163
1,Gorontalo,17536.170865,1062.79823449,95,4,0.003426475893355834
82,Jawa Tengah,17348.161568,1051.403731426,250,23,0.0033897398619350274
56,Nusa Tenggara Timur,17313.113239000002,1049.279589936,204,19,0.003382891602109925
49,Lampung,17235.91985,1044.60120266,30,7,0.0033678084184108623
41,Sumatera Selatan,17191.3149,1041.8978728680001,70,9,0.0033590928449213054
30,Jawa Tengah,17042.25643,1032.864026172,330,13,0.003329967600984793
53,Jawa Barat,16999.001251,1030.242500112,20,13,0.003321515765675517
45,Sumatera Utara,16890.877848,1023.689566688,260,12,0.003300389019321412
77,Riau,16824.261286,1019.652199009,37,5,0.0032873724921930855
1,Sulawesi Tengah,16713.391658,1012.932827921,240,9,0.0032657091478648466
20,Kepulauan Bangka Belitung,16617.70992,1007.133934,0,1,0.003247013437654487
10,Papua Barat Daya,16592.734569,1005.6202769480001,47,4,0.003242133384945808
78,Bali,16524.762394999998,1001.500751281,160,18,0.0032288519783364067
2,Papua Barat,16427.841515,995.626758447,48,6,0.003209914146272644
26,Jawa Timur,16320.829821,989.141201289,337,14,0.0031890046220315223
70,Nusa Tenggara Barat,16237.912187,984.115890135,15,21,0.0031728029508558517
73,Kalimantan Selatan,16225.49106,983.3630945,0,1,0.003170375927729682
10,Daerah Istimewa Yogyakarta,16071.024801,974.0015031406061,234,5,0.003140194030160657
36,Sumatera Utara,16045.762398,972.470448523,16,4,0.003135257888995398
45,Riau,15965.805059,967.624548742,261,12,0.0031196346439500843
93,Daerah Istimewa Yogyakarta,15843.143356,960.1905064800001,43,4,0.003095667189960096
60,Lampung,15792.84105,957.1418818,0,1,0.0030858383829636257
3,Nusa Tenggara Timur,15763.327907,955.3532065100001,166,11,0.0030800716694772455
71,Lampung,15722.462626,952.8765230199999,4,2,0.0030720868077135414
62,Jawa Timur,15708.083998,952.005090707,165,7,0.0030692772991497384
93,Sulawesi Utara,15657.590207,948.944861103,4,9,0.0030594110769876946
37,Jawa Barat,15592.141893,944.978296534,77,12,0.0030466228193966735
59,Sumatera Utara,15578.028455,944.1229366130001,68,8,0.003043865127569212
41,Sulawesi Tengah,15527.37267,941.052889099,48,4,0.0030339672526284557
45,Maluku Utara,15392.21473,932.861498464,12,3,0.003007558099411891
93,Nusa Tenggara Timur,15332.321377,929.231598549,23,19,0.002995855252090966
30,Sulawesi Tenggara,15319.54403,928.457213766,68,3,0.0029933586254434733
7,Kalimantan Tengah,15234.727595,923.3168236099999,23,5,0.0029767859385025673
32,Daerah Istimewa Yogyakarta,15219.588203,922.3992851859999,133,5,0.0029738277806397465
78,Kalimantan Selatan,15125.228990000001,916.680545058,5,5,0.0029553904848840453
61,Papua Tengah,15077.59503,913.7936379,0,1,0.002946083058713213
52,Papua,15044.647204,911.796800162,25,4,0.0029396452261671807
55,Kalimantan Timur,15041.243038,911.590487102,166,8,0.0029389800699694125
81,Jawa Tengah,15033.587585000001,911.1265202840001,44,12,0.002937484234569589
2,Jawa Barat,14770.797526,895.199849975,11,13,0.0028861364341227864
14,Daerah Khusus Ibukota Jakarta,14758.472443,894.452875265,938,8,0.0028837281774909238
56,Sumatera Selatan,14732.859088000001,892.900550841,244,13,0.002878723462143936
64,Lampung,14716.165587,891.888823433,46,9,0.0028754616395264125
42,Sulawesi Tengah,14579.182562,883.586821932,89,7,0.0028486958742647236
41,Nusa Tenggara Timur,14502.2855,878.926393956,1,6,0.002833670591308638
3,Sulawesi Tengah,14424.713393,874.2250540809999,56,8,0.002818513408096947
49,Nusa Tenggara Barat,14281.920332,865.570929163,7,5,0.002790612392246815
45,Daerah Istimewa Yogyakarta,14281.325173999998,865.534858971,220,5,0.0027904961014923826
35,Gorontalo,14228.524577,862.334822874,19,5,0.002780179141526146
16,Kalimantan Timur,14207.704254,861.072985077,30,4,0.002776110959515342
47,Papua,14181.560323000002,859.488504401,142,9,0.0027710025723982974
8,Kepulauan Bangka Belitung,14138.604822000001,856.885140838,21,6,0.002762609292599839
70,Jawa Tengah,14053.421534,851.72251716,180,14,0.0027459649245051287
10,Papua Tengah,14025.601252000002,850.036439206,11,3,0.0027405289871871587
11,Sulawesi Utara,13964.441432000001,846.329783724,30,6,0.002728578678851019
78,Jawa Tengah,13926.617142000001,844.0374025179999,154,25,0.002721188010793206
30,Kalimantan Timur,13877.535724,841.062770817,315,4,0.002711597758914195
25,Riau,13828.461039000002,838.088547738,13,5,0.002702008822628102
13,Daerah Khusus Ibukota Jakarta,13773.877016,834.780425191,73,6,0.002691343390567037
16,Gorontalo,13743.903001,832.96381818,23,2,0.002685486625106935
22,Riau,13468.059492,816.24602971,53,4,0.002631588248933284
82,Kepulauan Riau,13434.727499999999,814.225909091,8,4,0.0026250753523639715
91,Jawa Barat,13413.712271999999,812.952258902,13,5,0.0026209690869375157
46,Aceh,13320.808699000001,807.3217392946061,135,25,0.0026028162156099175
59,Jawa Tengah,13278.920519,804.783061709,38,13,0.002594631484741845
47,Maluku Utara,13224.547444,801.4877238209999,20,9,0.002584007270814563
68,Gorontalo,13221.3565,801.294333347,27,5,0.0025833837770782614
20,Sulawesi Tenggara,13205.317597,800.322278834,90,3,0.0025802498594796903
56,Sulawesi Tengah,13155.860512,797.3248795229999,165,7,0.002570586204237463
64,Daerah Istimewa Yogyakarta,13147.093191,796.7935267500001,103,6,0.00256887311565689
12,Kalimantan Timur,13000.0,787.8787879,16,1,0.0025401318769384517
42,Sulawesi Utara,12893.155069999999,781.4033377100001,370,5,0.0025192549375090472
55,Papua Barat Daya,12838.128827999999,778.068413859,36,8,0.002508503098172714
47,Papua Tengah,12629.172249000001,765.404378443,31,3,0.0024676740776177985
43,Lampung,12590.199999999999,763.042424224,11,2,0.002460059104386961
42,Lampung,12575.379873,762.1442347679999,53,15,0.002457163329232117
50,Sulawesi Tengah,12564.801510000001,761.503121787,0,4,0.00245509637253503
45,Sumatera Barat,12388.818709000001,750.8374974870001,46,13,0.0024207102554109523
61,Papua,12254.83951,742.7175463389999,0,2,0.0023945314220089075
52,Nusa Tenggara Timur,12151.238748,736.438711843,217,11,0.002374288376006499
42,Bali,12148.32377,736.262046681,43,10,0.00237371880458047
15,Daerah Istimewa Yogyakarta,12116.575345,734.337899479,236,8,0.0023675153287046934
11,Kalimantan Selatan,12031.101009,729.157636964,1,3,0.0023508140913559438
25,Sumatera Selatan,12019.181168000001,728.435222342,82,4,0.0023484850168873183
42,Kalimantan Barat,11992.699531000002,726.830274684,179,12,0.0023433106437875328
64,Nusa Tenggara Barat,11916.798474000001,722.230210576,58,11,0.0023284799749891463
41,Kalimantan Barat,11723.112281999998,710.491653476,4,6,0.0022906347080336054
80,Sulawesi Selatan,11571.655405,701.312448821,32,6,0.00226104082793751
56,Jambi,11507.961477,697.452210702,138,8,0.002248595368177493
81,Kalimantan Timur,11491.014638,696.425129632,8,4,0.0022452840446423204
8,Lampung,11458.69791,694.466539967,45,9,0.002238969525338386
93,Sulawesi Selatan,11339.395828,687.236110801,38,12,0.0022156585236865916
72,Jawa Barat,11283.958942,683.876299523,225,15,0.0022048264466645296
24,Maluku,11238.95918,681.1490413,20,1,0.0021960337289790802
25,Sulawesi Tengah,11225.0,680.3030302909999,42,3,0.002193306178356471
68,Sulawesi Barat,11215.639597000001,679.735733232,23,5,0.002191477204660987
31,Sumatera Barat,11164.6085,676.6429391,2,1,0.0021815059957221534
8,Maluku Utara,11164.085297,676.611230048,1,5,0.00218140376459766
3,Sulawesi Barat,11015.98835,667.635657558,8,3,0.0021524663972167395
50,Jawa Tengah,10971.71833,664.952626085,4,5,0.0021438162672940703
46,Papua Tengah,10905.628033,660.947153531,49,3,0.0021309025695889915
47,Maluku,10816.376932,655.537995806,23,10,0.0021134633721503794
77,Sumatera Utara,10663.092249000001,646.248014978,26,6,0.002083512348340018
25,Sulawesi Utara,10652.52546,645.6076039,2,1,0.0020814476531418806
5,Jambi,10618.779865,643.562416125,24,6,0.0020748539407137454
96,Jawa Barat,10570.615891,640.643387252,3,12,0.0020654429525847114
38,Kalimantan Barat,10563.42842,640.2077830090001,1,2,0.002064038558415353
26,Daerah Istimewa Yogyakarta,10559.612411,639.97650953,10,4,0.0020632929302535383
41,Riau,10432.540662,632.275191593,10,6,0.002038463776384829
41,Papua Barat Daya,10381.650936,629.19096581,2,2,0.002028520190598578
22,Sumatera Selatan,10369.482635,628.453493035,69,9,0.002026142568347941
49,Bali,10349.541225,627.2449226690001,0,6,0.002022246121331626
55,Jambi,10339.267236,626.622256673,37,3,0.0020202386377191476
49,Sulawesi Selatan,10266.758665,622.227797885,62,8,0.0020060708429077354
42,Papua,10233.000309,620.181836923,55,3,0.001999474637047071
47,Kalimantan Utara,10231.211502,620.07342434,64,5,0.001999125113533041
16,Papua Barat,10217.11397,619.219028594,13,2,0.001996370529654629
79,Jawa Timur,10145.60032,614.884867835,29,9,0.001982397137192997
8,Sumatera Selatan,10142.063901,614.6705394119999,0,6,0.001981706139452065
41,Lampung,10125.93991,613.693327734,33,3,0.001978555596104175
8,Sumatera Utara,10078.193000000001,610.799575736,13,7,0.0019692261000952282
79,Jambi,10010.0,606.666666706,3,2,0.001955901545242608
10,Sulawesi Tenggara,9933.967638,602.058644684,85,11,0.0019410452201352906
46,Papua,9929.948669,601.815070882,34,8,0.0019402599346530348
93,Lampung,9917.750385,601.07578095,2,10,0.0019378764538813154
78,Kepulauan Riau,9906.636419999999,600.4022072820001,108,4,0.0019357048433601095
56,Daerah Istimewa Yogyakarta,9777.006686,592.545859706,456,14,0.0019103758726268442
56,Sulawesi Utara,9690.888952,587.3266030990001,458,10,0.0018935489186804508
33,Sumatera Selatan,9685.256822,586.985261863,10,5,0.0018924484299921388
66,Banten,9655.884155999998,585.205100328,100,4,0.0018867091649754258
32,Daerah Khusus Ibukota Jakarta,9582.8106,580.776399963,419,16,0.0018724309750556688
29,Maluku Utara,9531.755899,577.6821757,0,1,0.0018624551540189253
71,Kalimantan Timur,9530.921763999999,577.63162211,146,10,0.001862292168410989
68,Aceh,9527.9601,577.452127301,1,7,0.0018617134747852062
96,Kepulauan Riau,9412.372402,570.446812206,29,2,0.0018391282443027649
1,Maluku Utara,9397.237523,569.5295468850001,43,2,0.0018361709682564952
93,Riau,9367.864,567.74933327,3,5,0.0018304315357864733
71,Kalimantan Selatan,9325.728821,565.195686132,66,5,0.0018221985426081341
86,Sulawesi Tengah,9268.728568,561.7411253500001,83,3,0.0018110609918666838
70,Jambi,9218.651378,558.706144161,0,2,0.0018012761713569528
61,Papua Selatan,9209.474467,558.1499677,0,1,0.0017994830510367275
55,Sumatera Barat,9110.247863,552.136234203,74,21,0.0017800946925859008
80,Banten,9027.345789,547.1118660239999,298,11,0.0017638960617526922
42,Sulawesi Barat,8985.559704,544.579376028,70,5,0.001755731279712618
64,Jambi,8983.428226,544.450195489,74,7,0.001755314800080865
71,Bali,8977.457132,544.088310995,54,11,0.0017541480796032037
10,Nusa Tenggara Barat,8976.185024999999,544.011213624,10,8,0.001753899516561544
55,Sulawesi Tenggara,8926.605939,541.006420554,128,4,0.0017442120229632307
36,Kalimantan Selatan,8902.486916000002,539.544661615,1,5,0.0017394992922583918
91,Bali,8867.551501,537.427363712,0,2,0.0017326730952371932
41,Kalimantan Selatan,8819.241302,534.499472831,45,7,0.0017232335355094135
45,Papua,8795.0004,533.0303273,11,1,0.001718496990286649
2,Banten,8571.384406000001,519.47784275,25,4,0.0016748035968595198
23,Sumatera Barat,8564.148344000001,519.039293568,20,5,0.0016733897082633889
45,Sulawesi Utara,8562.182891,518.920175198,41,5,0.0016730056690466254
43,Bali,8397.323907,508.928721687,3,7,0.0016407930874729262
3,Maluku,8334.829026,505.141153109,63,7,0.0016285819152134207
7,Banten,8317.361111,504.08249153,24,3,0.001625168776158409
8,Sulawesi Utara,8270.457,501.23981820000006,35,2,0.0016160039586575969
8,Sulawesi Selatan,8197.109521,496.7945164259999,0,5,0.0016016722456190602
85,Sulawesi Selatan,8147.6080600000005,493.794427921,11,5,0.0015919999195389738
3,Kepulauan Riau,8051.291150000001,487.95703939000003,112,5,0.0015731801000482652
46,Gorontalo,8026.560174,486.458192402,70,6,0.0015683477969340037
71,Jawa Tengah,7974.492633000001,483.30258376200004,1660,12,0.0015581740722687806
36,Nusa Tenggara Barat,7974.433016,483.2989707,0,1,0.0015581624234193875
23,Sulawesi Selatan,7888.9719749999995,478.119513587,53,9,0.0015414637838439688
19,Kepulauan Riau,7858.741118,476.28734049999997,0,2,0.0015355568328029791
49,Sulawesi Tengah,7839.202512,475.103182542,31,10,0.001531739091577476
35,Sulawesi Barat,7791.536969999999,472.21436181499996,3,5,0.0015224254944493413
56,Kepulauan Riau,7781.828087,471.625944641,266,6,0.0015205284295879747
1,Sulawesi Selatan,7715.858446,467.62778457,58,14,0.0015076383074330297
8,Sumatera Barat,7706.642863,467.06926446,11,5,0.0015058376308066548
3,Sulawesi Tenggara,7658.000001,464.121212206,44,3,0.0014963330704719075
47,Sumatera Barat,7613.343710000001,461.41477034200005,59,15,0.001487607465219989
59,Riau,7547.842517,457.44500105000003,30,5,0.0014748088753494659
1,Sulawesi Utara,7531.201089,456.436429643,30,5,0.0014715572275232679
35,Papua Barat Daya,7515.559087,455.48842955799995,0,2,0.001468500862300242
56,Sumatera Barat,7511.227795000001,455.225926963,78,21,0.0014676545505404323
71,Sumatera Selatan,7471.2654,452.80396361300006,25,6,0.0014598461079697934
23,Bali,7469.937354000001,452.72347596000003,0,4,0.0014595866147406671
56,Kalimantan Timur,7453.398826999999,451.721140987,465,19,0.0014563550732306432
33,Jambi,7394.8792189999995,448.17449811,6,2,0.0014449206484839707
81,Nusa Tenggara Barat,7386.317857999999,447.65562780000005,0,4,0.0014432478034081186
20,Bali,7375.645259,447.008803588,8,9,0.001441162433490451
22,Kalimantan Barat,7300.008788,442.42477501800005,35,5,0.0014263834634099717
36,Kalimantan Tengah,7299.605095,442.4003088,0,1,0.001426304583913218
16,Bali,7273.648399,440.8271757,0,1,0.001421232781534018
80,Nusa Tenggara Barat,7240.924966,438.843937355,38,2,0.0014148387942043133
53,Aceh,7169.941242,434.5418935,0,1,0.0014009689465061441
28,Sumatera Utara,7076.368896,428.870842122,69,4,0.0013826854004388737
77,Sumatera Barat,6986.324116000001,423.41358275000005,2,2,0.001365091122282727
77,Jawa Tengah,6904.472796,418.45289675,33,15,0.0013490978032749202
23,Aceh,6901.140871,418.25096186599995,0,3,0.0013484467625899917
80,Kalimantan Barat,6880.185912000001,416.98096436000003,43,3,0.001344352273410312
64,Kepulauan Bangka Belitung,6851.537489,415.244696309,35,6,0.0013387545216805951
52,Gorontalo,6789.058848,411.45811201600003,107,4,0.0013265465226319879
16,Sumatera Utara,6788.559698,411.427860524,182,5,0.0013264489913376515
95,Jawa Barat,6683.391181,405.054010933,77,12,0.0013058996142236482
23,Nusa Tenggara Barat,6664.54315,403.91170609100004,0,5,0.0013022168077343695
80,Daerah Istimewa Yogyakarta,6658.8440900000005,403.56630853,121,4,0.001301103241274786
35,Maluku,6566.63065,397.977615188,1,5,0.001283085218318928
8,Kalimantan Tengah,6560.398095,397.599884582818,44,11,0.0012818674097319841
3,Bali,6548.993608,396.90870349299996,243,5,0.0012796390327343818
43,Sumatera Selatan,6410.498939,388.515087184,108,8,0.0012525779001564632
70,Daerah Istimewa Yogyakarta,6400.6865530000005,387.920397176,3,5,0.001250660611351277
14,Daerah Istimewa Yogyakarta,6290.1293160000005,381.219958545,319,7,0.0012290583065874354
53,Riau,6238.306899,378.079206,0,1,0.001218932477867305
23,Sulawesi Utara,6217.937954999999,376.8447246,11,3,0.0012149524929477684
52,Kepulauan Bangka Belitung,6172.250283,374.07577469,30,6,0.0012060253612531293
50,Nusa Tenggara Timur,6102.586981,369.8537564,17,9,0.0011924135170944376
53,Kepulauan Riau,6050.2012589999995,366.678864191,0,2,0.001182177621529158
70,Nusa Tenggara Timur,6026.113755,365.21901543,1,8,0.0011774710494717518
25,Sulawesi Tenggara,6004.521217,363.9103768,0,1,0.001173251980696536
2,Daerah Istimewa Yogyakarta,6001.183,363.70806057,0,2,0.001172599710587779
2,Daerah Khusus Ibukota Jakarta,5973.046351,362.002809164,46,7,0.0011671019568158462
41,Sumatera Barat,5905.478755,357.907803295,22,7,0.0011538996026275617
59,Kalimantan Timur,5864.479393,355.422993552,33,5,0.001145888542139074
38,Bali,5835.610326,353.673353144,26,7,0.0011402476777279838
59,Lampung,5809.599999999999,352.09696972,0,3,0.0011351653963278174
78,Sulawesi Utara,5768.247171999999,349.590737639,15,3,0.001127085270435175
56,Riau,5759.566699999999,349.064648536,230,16,0.0011253891516940925
45,Jambi,5755.241394000001,348.802508678,25,6,0.001124544009567315
32,Bali,5738.654750000001,347.79725757,57,15,0.0011213030662476356
22,Sulawesi Tengah,5733.025371,347.4560831,0,1,0.0011202031150903072
81,Jawa Timur,5699.413058,345.41897317,226,15,0.0011136354452665432
38,Jawa Tengah,5689.528061000001,344.8198825216061,37,12,0.0011117039686524557
28,Kalimantan Timur,5675.413345000001,343.964445204,3,5,0.0011089460271104913
68,Kalimantan Tengah,5641.494,341.908727243,14,7,0.001102318364842847
2,Jawa Timur,5624.752308,340.894079248,131,10,0.0010990471259564561
59,Daerah Istimewa Yogyakarta,5616.016363,340.36462809,32,3,0.001097340168081865
42,Kalimantan Tengah,5552.874615000001,336.53785547300004,13,6,0.0010850026014002949
16,Sulawesi Tengah,5550.0,336.36363633,1,2,0.0010844409166929543
63,Bali,5535.923406,335.51050942,18,24,0.001081690423990022
80,Kalimantan Selatan,5402.144977,327.402725952,12,5,0.0010555508199938954
86,Nusa Tenggara Timur,5349.658906,324.22175185599997,41,5,0.001045295316759868
37,Banten,5341.710196,323.740011854,33,5,0.0010437421804789803
68,Papua Tengah,5317.0314180000005,322.24432837,15,2,0.001038920076580389
1,Bali,5314.996524,322.12100141800005,174,14,0.001038522468956113
77,Sulawesi Selatan,5240.766081,317.62218677600004,5,5,0.0010240182293789156
1,Nusa Tenggara Barat,5189.011456,314.48554275,29,6,0.001013905646860339
85,Sumatera Selatan,5175.0422,313.638921176,0,2,0.0010111761274401304
11,Sumatera Barat,5137.778993,311.380545031,36,5,0.0010038950920603106
59,Kepulauan Riau,5124.601387,310.581902205,10,4,0.0010013202569016694
23,Lampung,5113.249797,309.89392705,11,3,0.0009991022157006745
85,Daerah Istimewa Yogyakarta,5105.643962,309.432967415,103,5,0.0009976160753980409
56,Papua Barat Daya,5103.317989,309.291999295,52,8,0.0009971615924624874
82,Daerah Istimewa Yogyakarta,5073.475502,307.483363743,283,7,0.0009913305268843473
6,Maluku Utara,5069.667909,307.2526005,0,1,0.0009905865431648312
74,Kalimantan Selatan,5004.80025,303.3212273,0,1,0.000977911742518041
9,Daerah Istimewa Yogyakarta,5000.0,303.030303,22,1,0.0009769737988224816
52,Papua Barat,4956.136899,300.3719332,44,2,0.0009684031787400607
78,Riau,4915.961439000001,297.937056955,40,6,0.0009605531043849326
30,Bali,4894.36077,296.62792554600003,21,4,0.0009563324468549251
52,Papua Barat Daya,4886.657302,296.16104857,13,2,0.0009548272295757115
23,Jambi,4884.15,296.0090909,60,1,0.0009543373159037644
10,Maluku,4871.625105,295.25000633099995,113,7,0.000951890017054164
30,Kepulauan Bangka Belitung,4842.031244,293.45643900600004,34,2,0.0009461075316935651
8,Kalimantan Utara,4809.1483450000005,291.46353611,3,4,0.0009396823855431
41,Papua Tengah,4806.885473,291.3263923,37,1,0.0009392402322122822
45,Nusa Tenggara Barat,4783.823139,289.928675064,368,6,0.0009347339730007435
61,Sulawesi Tengah,4778.762074,289.62194386100003,0,4,0.0009337450674209161
23,Papua Barat,4731.66837,286.76778,3,1,0.0009245432044414157
30,Jambi,4725.0,286.3636364,1,1,0.000923240239887245
35,Jambi,4716.321142999999,285.837645034,0,5,0.0009215444367086993
7,Kalimantan Selatan,4685.717842,283.98289952,26,6,0.0009155647120618041
86,Bengkulu,4678.873955,283.568118475,59,6,0.0009142274524055837
9,Kalimantan Utara,4658.079998,282.307878691,4,3,0.0009101644221730154
18,Sumatera Utara,4638.75763,281.136826015,57,2,0.0009063889327195743
86,Papua Barat Daya,4577.993103,277.4541275,8,1,0.000894515862564206
38,Riau,4560.496674999999,276.39373786,9,4,0.000891097152218409
52,Maluku,4557.905481,276.236695825,8,8,0.0008905908464892758
43,Sulawesi Tengah,4538.103949,275.03660296,55,6,0.000886721730901167
11,Bengkulu,4535.009915,274.8490858,0,1,0.0008861171728710337
49,Aceh,4527.3781309999995,274.386553365,7,13,0.000884625962269779
14,Kepulauan Riau,4519.547525,273.911971236,149,3,0.0008830959028915987
64,Sulawesi Utara,4454.5873409999995,269.974990362,21,3,0.0008704030233446612
33,Riau,4439.79603,269.078547268,75,4,0.0008675128786852145
62,Daerah Istimewa Yogyakarta,4436.932255,268.904985175,66,7,0.0008669533120570697
9,Bali,4422.314294000001,268.01904814,0,4,0.0008640970390792281
80,Sulawesi Utara,4415.889323,267.629655936,51,4,0.0008628416334141893
43,Kalimantan Barat,4411.018076,267.334428889,4,4,0.0008618898172768707
6,Sulawesi Tengah,4407.44708,267.1180048,0,1,0.0008611920633713306
77,Sulawesi Utara,4406.005856,267.030657979,35,3,0.0008609104557540838
56,Lampung,4291.304077,260.079034929,249,12,0.0008384983292018185
55,Maluku Utara,4287.605858,259.854900534,2,4,0.0008377757165887569
45,Sulawesi Barat,4277.470113,259.240612953,17,5,0.000835795245129448
25,Sulawesi Selatan,4275.564108,259.12509740900003,36,3,0.0008354228217403627
66,Sumatera Utara,4259.555417,258.154873764,3,2,0.0008322948074082737
33,Bali,4257.0892810000005,258.005410988,0,4,0.0008318129373570074
74,Jawa Tengah,4251.913914,257.691752324,129,10,0.0008308016977653491
20,Sumatera Barat,4251.768781,257.68295644,0,3,0.0008307733395376801
28,Bali,4224.22951,256.013909685,19,3,0.0008253923102965459
1,Maluku,4210.2652,255.167587848,0,3,0.0008226637572988188
10,Gorontalo,4207.9780439999995,255.028972352,27,5,0.0008222168590016549
8,Riau,4200.0,254.54545452,0,2,0.0008206579910108844
2,Papua Selatan,4169.614452,252.703906161,2,2,0.0008147208141591118
79,Jawa Barat,4148.251212,251.40916439199998,58,9,0.0008105465490115206
77,Kepulauan Bangka Belitung,4130.25,250.318181812,6,3,0.0008070292065173108
93,Sulawesi Tengah,4124.495,249.96939389599999,12,5,0.0008059047096748662
19,Sumatera Selatan,4117.9428100000005,249.572291471,0,4,0.0008046244460838849
80,Riau,4086.613324,247.673534774,258,7,0.0007985028286933695
45,Bengkulu,4076.333654,247.050524472,36,7,0.0007964942350432614
93,Papua,4064.928996,246.3593331,0,1,0.0007942658246331551
93,Papua Barat Daya,4062.377528,246.2046987,7,6,0.0007937672811562483
2,Sulawesi Tengah,4009.259923,242.98544985499998,0,4,0.000783388379488008
43,Sulawesi Selatan,4006.790615,242.835794834,20,7,0.0007829058896445634
33,Sulawesi Tengah,4000.0,242.4242424,20,1,0.0007815790390579852
71,Sulawesi Tenggara,3953.888732,239.62962008,8,2,0.0007725691389246888
19,Riau,3908.683135,236.88988698499998,6,2,0.0007637362021588632
33,Sumatera Utara,3864.0439930000002,234.184484403,291,6,0.00075501394773168
13,Daerah Istimewa Yogyakarta,3855.473018,233.665031354,473,3,0.0007533392241306075
42,Papua Pegunungan,3847.38,233.1745455,7,1,0.0007517578908227278
59,Kalimantan Selatan,3843.710901,232.95217581000003,31,2,0.0007510409681050706
71,Sulawesi Tengah,3815.824709,231.26210354999998,5,2,0.000745592152318484
96,Banten,3810.688447,230.95081496799997,17,6,0.0007445885536389064
86,Maluku,3778.690629,229.0115533,8,1,0.0007383363476778084
78,Kalimantan Timur,3750.31736,227.29196123699998,496,8,0.00073279235959782
3,Sumatera Utara,3740.85,226.718181806,119,2,0.000730942487065016
93,Sumatera Barat,3731.835468,226.171846588,48,16,0.0007291810947504866
38,Sumatera Utara,3667.544014,222.27539482600002,3,4,0.0007166188815412464
79,Jawa Tengah,3659.493864,221.787506945,7,10,0.0007150459244159282
55,Papua Selatan,3655.0,221.5151515,1,1,0.000714167846939234
42,Daerah Istimewa Yogyakarta,3642.6744059999996,220.768145812,22,5,0.0007117594904606492
22,Kalimantan Tengah,3638.805387,220.533659827,3,5,0.00071100350442262
56,Kalimantan Tengah,3629.038652,219.941736487,118,11,0.0007090951355836115
79,Sumatera Barat,3602.274905,218.31969120899998,32,6,0.0007038656396681487
70,Kalimantan Barat,3576.072369,216.73165871,18,2,0.0006987458014412082
9,Papua Tengah,3549.568931,215.12538976000002,20,2,0.0006935671685402649
9,Sumatera Barat,3543.796545,214.7755482,0,1,0.000692439274564527
56,Kalimantan Barat,3520.4548379999997,213.36089927400002,84,10,0.0006878784273327686
11,Kalimantan Timur,3509.0,212.6666667,0,1,0.0006856402120136175
6,Jambi,3476.511456,210.697664,0,1,0.0006792921207636392
59,Sumatera Selatan,3465.4107219999996,210.024892242,33,6,0.0006771230955104996
3,Sulawesi Selatan,3442.800294,208.654563268,127,8,0.0006727051363632673
72,Jawa Timur,3419.93237,207.268628485,8,3,0.0006682368638469744
69,Bali,3407.996628,206.545250152,0,3,0.0006659046824062735
59,Sulawesi Selatan,3403.236212,206.25674013999998,22,2,0.0006649745220655744
20,Papua Barat,3382.046486,204.9725143,0,1,0.0006608341606443289
96,Riau,3377.5,204.69696967299998,0,2,0.0006599458011045862
31,Sumatera Selatan,3372.358655,204.38537307,3,3,0.0006589412092334448
55,Kepulauan Bangka Belitung,3333.861919,202.052237537,50,7,0.0006514191487510076
42,Maluku Utara,3322.828607,201.383551958,0,5,0.0006492632974033608
46,Maluku,3298.8895220000004,199.932698297,126,9,0.0006445857256408041
33,Kalimantan Barat,3258.513043,197.485638972,1,7,0.0006366963732264628
55,Sumatera Selatan,3246.095153,196.733039571,36,7,0.0006342699825931308
38,Kalimantan Timur,3235.20986,196.07332483,41,3,0.0006321430533824297
64,Sulawesi Tenggara,3232.472465,195.907422106,31,5,0.0006316081807440241
2,Sumatera Utara,3222.832492,195.323181297,20,7,0.0006297245805355529
41,Maluku,3207.2,194.375757615,0,2,0.0006266700735166925
38,Jambi,3203.542543,194.15409351,2,5,0.0006259554255848285
43,Gorontalo,3184.0,192.96969694199998,55,2,0.0006221369150901562
33,Kalimantan Tengah,3157.433264,191.359591765,0,4,0.0006169459140917093
31,Bali,3148.582294,190.8231693013,4,13,0.0006152164809348766
10,Papua,3147.5258780000004,190.759144086,0,3,0.0006150100627843452
38,Kalimantan Tengah,3147.455,190.754848482,0,2,0.0006149962135945626
86,Gorontalo,3130.629508,189.7351217,28,1,0.0006117086006273032
73,Jawa Barat,3121.8238429999997,189.20144501100003,35,20,0.0006099880198300614
23,Daerah Istimewa Yogyakarta,3110.039951,188.487269709,0,2,0.0006076855090836309
42,Papua Barat,3063.403231,185.660801844,9,5,0.0005985729383830267
86,Papua Selatan,3062.0,185.5757576,332,1,0.0005982987543988877
78,Sumatera Selatan,3061.530386,185.54729615000002,48,5,0.0005982069942841755
43,Kalimantan Selatan,3060.5553,185.488200012,23,5,0.0005980164675894559
53,Sumatera Barat,3045.0081,184.545945448,6,3,0.0005949786261804453
59,Jambi,3032.47912,183.78661332000001,24,2,0.0005925305291432511
85,Jawa Tengah,2996.708514,181.618697817,175,36,0.0005855411401772506
45,Aceh,2981.48627,180.696137621,106,11,0.0005825667934677941
80,Lampung,2980.412979,180.631089636,26,6,0.0005823570780306918
21,Kepulauan Riau,2941.370676,178.26488943,31,2,0.000574728416615354
33,Kalimantan Utara,2921.151852,177.03950619,40,2,0.0005707777643571534
50,Maluku Utara,2911.755797,176.4700483,0,1,0.0005689418244476944
36,Kepulauan Riau,2881.173672,174.616586161,26,2,0.0005629662374802316
2,Nusa Tenggara Timur,2877.3843549999997,174.386930597,7,2,0.000562225824795345
64,Sulawesi Tengah,2854.94535,173.026990907,77,11,0.0005578413608040158
58,Banten,2844.7526789999997,172.40925326,283,8,0.0005558497663026122
11,Sulawesi Selatan,2835.578582,171.853247422,16,4,0.000554057195823241
65,Sumatera Utara,2829.330838,171.4745962,46,1,0.0005528364193852909
62,Kepulauan Riau,2759.9776930000003,167.271375285,7,3,0.0005392851782791037
91,Nusa Tenggara Barat,2739.0,165.999999998,85,6,0.0005351862469949553
58,Jawa Barat,2721.8191300000003,164.95873512300003,52,6,0.0005318291950287603
93,Papua Barat,2720.76914,164.895099415,1,2,0.0005316240324849551
59,Kalimantan Barat,2693.119016,163.2193343,10,4,0.0005262213431485167
7,Maluku,2692.020888,163.15278112700003,0,3,0.000526006774691766
24,Kalimantan Tengah,2646.714407,160.40693375,4,2,0.0005171541257209963
23,Bengkulu,2642.638505,160.15990935,14,2,0.0005163577158288826
51,Riau,2601.894915,157.6906009,0,1,0.0005083966318488894
80,Kalimantan Utara,2572.228165,155.892616067,0,2,0.0005025999043596461
2,Kalimantan Utara,2548.908647,154.479311939,19,4,0.0004980433927422123
11,Kalimantan Barat,2548.3612169999997,154.44613434599998,3,3,0.0004979364277888743
71,Daerah Istimewa Yogyakarta,2517.660031,152.585456431,42,5,0.0004919375769259193
56,Papua,2502.556859,151.67011267,26,4,0.0004889864962612974
31,Sulawesi Utara,2475.222245,150.013469386,0,3,0.00048364545592551213
75,Daerah Khusus Ibukota Jakarta,2463.605089,149.30939935799998,67,4,0.0004813755245197455
96,Nusa Tenggara Barat,2463.3035680000003,149.291125338,2,8,0.00048131660889638657
6,Nusa Tenggara Barat,2457.138667,148.917495,1,1,0.00048011201954651966
11,Daerah Khusus Ibukota Jakarta,2454.282219,148.744376917,30,7,0.0004795538845757799
16,Papua Selatan,2452.691888,148.6479932,0,1,0.0004792431422320888
16,Daerah Khusus Ibukota Jakarta,2362.136527,143.159789517,16,8,0.0004615490992241066
45,Kalimantan Utara,2358.5010979999997,142.93946048499998,26,4,0.0004608387554480107
56,Kepulauan Bangka Belitung,2357.701102,142.89097587499998,39,6,0.0004606824404217782
42,Gorontalo,2333.000022,141.39394077,97,3,0.0004558559788292546
22,Sulawesi Utara,2307.53337,139.8505073,0,1,0.00045087992847970854
20,Jambi,2299.987,139.393151551,1,3,0.0004494054073264646
8,Bengkulu,2279.5,138.151515188,2,2,0.00044540235488316925
53,Bali,2270.861156,137.627948847,27,7,0.00044371437003514635
79,Papua Barat Daya,2264.009458,137.21269446099998,109,2,0.00044237558415045745
3,Kalimantan Timur,2218.5,134.454545427,81,3,0.000433483274537535
49,Kalimantan Tengah,2213.899721,134.17574065600002,14,6,0.0004325844041274804
2,Papua,2162.361825,131.052231791,0,3,0.0004225141693197928
41,Kalimantan Tengah,2159.6110009999998,130.8855152196061,5,5,0.0004219766727251583
78,Daerah Istimewa Yogyakarta,2152.730897,130.468539216,38,6,0.0004206323364569236
80,Sulawesi Tenggara,2140.864912,129.74938862,45,2,0.00041831378516847946
32,Aceh,2140.127,129.7046667,0,1,0.00041816960103051217
96,Jawa Timur,2120.70701,128.527697569,51,4,0.00041437503674983324
41,Gorontalo,2114.62,128.15878787999998,38,2,0.00041318566689319913
66,Lampung,2112.463008,128.02806109,25,2,0.00041276420195954526
9,Kepulauan Bangka Belitung,2111.3688190000003,127.96174656,0,2,0.0004125504031627533
22,Sumatera Barat,2109.276052,127.834912245,39,3,0.0004121414874575452
70,Sumatera Utara,2107.826296,127.747048245,24,4,0.00041185821273220807
50,Sumatera Barat,2104.965,127.57363636599999,0,4,0.000411299130487673
42,Sulawesi Tenggara,2093.821168,126.89825260399999,35,9,0.0004091216841111771
68,Kalimantan Utara,2090.470733,126.69519593300001,3,3,0.0004084670266692455
56,Aceh,2075.829899,125.80787266200001,73,12,0.0004056062844270636
43,Papua Barat Daya,2065.0,125.15151518,46,2,0.0004034901789136848
19,Kalimantan Selatan,2064.565224,125.125165099,1,4,0.0004034052259616135
11,Lampung,2041.73369,123.74143574,0,3,0.00039894406386062857
56,Kalimantan Selatan,2028.77783,122.95623211899999,344,16,0.0003964125567083861
77,Nusa Tenggara Timur,2026.172834,122.798353583,6,5,0.0003959035541407786
15,Daerah Khusus Ibukota Jakarta,2014.859538,122.1126993,56,4,0.000393692995386714
7,Kepulauan Riau,2013.0,122.0,3,3,0.00039332965140593103
23,Kalimantan Tengah,2000.075,121.216666655,4,2,0.000390804174135975
43,Sumatera Barat,1979.64869,119.978708491,7,3,0.0003868129802006498
49,Papua Selatan,1977.7942,119.8663152,25,1,0.0003864506225726141
85,Nusa Tenggara Barat,1974.8980099999999,119.690788489,0,4,0.0003858847222233318
78,Lampung,1949.706317,118.16401920800001,32,8,0.00038096239742153583
66,Kepulauan Riau,1945.0,117.8787879,1,1,0.0003800428077419453
19,Sulawesi Selatan,1931.962802,117.08865467300001,0,4,0.0003774954075707331
53,Jawa Tengah,1914.9785430000002,116.059305637,3,10,0.00037417677236365013
8,Aceh,1912.789911,115.926661273,0,4,0.0003737491251397972
41,Bengkulu,1912.009,115.87933332700001,18,4,0.0003735965392225548
41,Papua Barat,1900.79,115.199393937,43,3,0.0003714044054127569
28,Lampung,1900.725553,115.1954881,0,1,0.00037139181280667434
46,Papua Pegunungan,1900.0,115.1515152,28,1,0.0003712500435525429
16,Riau,1877.5315,113.789787879,1,3,0.0003668598163927744
77,Papua Barat Daya,1860.09,112.73272727,6,2,0.0003634518386903419
25,Kalimantan Barat,1859.347004,112.687697221,2,3,0.0003633066611654159
74,Jawa Timur,1852.3928819999999,112.26623529300001,3,8,0.0003619478621678529
30,Lampung,1850.0,112.12121212,0,2,0.0003614803055643181
51,Jawa Barat,1848.804713,112.04877044199999,1,2,0.0003612467527481035
59,Sulawesi Utara,1822.690261,110.46607643,12,2,0.00035614412567318206
60,Jawa Timur,1820.905819,110.35792842999999,10,2,0.0003557954550572784
55,Sulawesi Tengah,1813.80058,109.927307887,2,5,0.00035440712858980406
59,Kalimantan Tengah,1799.7706349999999,109.077008185,7,4,0.0003516657508570199
50,Papua,1789.0,108.42424242999999,0,2,0.00034956122521868384
74,Daerah Istimewa Yogyakarta,1774.079983,107.519998966,8,5,0.00034664593208128664
2,Sumatera Barat,1773.3961199999999,107.478552723,7,5,0.0003465123088346898
3,Aceh,1753.059628,106.24603806900001,30,4,0.00034253866486589723
25,Nusa Tenggara Barat,1737.52822,105.304740561,4,3,0.00033950390913093287
65,Jawa Barat,1720.53425,104.274803027,9,3,0.0003361833764453378
74,Jawa Barat,1715.328422,103.959298308,192,12,0.0003351661849339025
11,Sulawesi Tengah,1700.0,103.030303,0,1,0.0003321710915996437
46,Papua Barat,1698.215565,102.922155445,20,3,0.00033182242235150333
82,Kalimantan Timur,1690.3673450000001,102.446505756,7,3,0.00033028892129002445
31,Jambi,1655.960215,100.36122515,6,2,0.00032356594838948863
49,Bengkulu,1637.563614,99.246279636,3,3,0.0003199713489566103
86,Maluku Utara,1606.78792,97.38108605999999,11,3,0.00031395793962089467
65,Jawa Timur,1601.199526,97.04239552,16,2,0.00031286599671779533
59,Sumatera Barat,1593.24,96.56,0,1,0.0003113107470471861
64,Nusa Tenggara Timur,1590.217701,96.376830357,38,8,0.0003107202056601446
41,Daerah Istimewa Yogyakarta,1588.36698,96.26466545299999,22,4,0.0003103585844749585
43,Jambi,1587.201269,96.194016305,64,3,0.00031013081065415864
63,Jawa Tengah,1575.946774,95.51192569000001,3,8,0.00030793174130736294
58,Bali,1561.013122,94.60685587500001,9,8,0.00030501378396241633
7,Sulawesi Barat,1551.0,94.0,0,1,0.00030305727239473374
50,Sulawesi Tenggara,1549.965,93.937272723,23,8,0.0003028550388183775
49,Sulawesi Tenggara,1547.160614,93.767309941,2,3,0.00030230707648962055
81,Sumatera Utara,1546.6120609999998,93.734064306,13,7,0.0003021998921079674
73,Nusa Tenggara Barat,1546.423988,93.72266594,0,3,0.0003021631436293143
3,Maluku Utara,1529.883652,92.72022133,0,1,0.0002989312486501702
31,Kalimantan Timur,1526.469752,92.5133183,23,1,0.0002982641904798102
3,Kalimantan Barat,1522.5359999999998,92.274909089,279,4,0.0002974955559527971
27,Sulawesi Tengah,1522.154949,92.251815091,0,2,0.0002974211005841941
27,Sumatera Utara,1503.835404,91.14153963,10,2,0.0002938415574899242
66,Jawa Barat,1500.3950579999998,90.93303382,106,6,0.00029316933190974743
8,Nusa Tenggara Barat,1493.119238,90.49207503699999,0,5,0.0002917476748087578
79,Sulawesi Selatan,1491.0185610000003,90.364761272,1,4,0.00029133721353100003
41,Papua Selatan,1460.0,88.48484848,0,1,0.00028527634925616457
56,Sulawesi Tenggara,1447.039507,87.699364056,169,8,0.0002827439368400001
3,Sumatera Barat,1416.8,85.866666671,3,3,0.0002768352956343383
58,Jawa Timur,1413.16451,85.646333949,35,9,0.00027612493993916214
66,Jawa Timur,1410.0899570000001,85.459997394,193,5,0.00027552418839434393
51,Sulawesi Selatan,1401.7483,84.95444242,0,1,0.00027389427232879103
46,Papua Selatan,1397.46945,84.69511818999999,3,2,0.00027305820746097273
19,Jawa Tengah,1396.7665889999998,84.652520546,19,6,0.0002729208721047299
56,Maluku Utara,1393.0642360000002,84.428135517,4,4,0.0002721974517297316
71,Kalimantan Utara,1392.3029900000001,84.38199940000001,0,2,0.0002720487082504399
33,Maluku,1345.12,81.52242424,7,1,0.0002628293992544192
91,Daerah Khusus Ibukota Jakarta,1343.879771,81.447258847,52,2,0.00026258706500691126
42,Papua Tengah,1335.0,80.90909090999999,0,2,0.0002608520042856026
50,Jambi,1326.1071299999999,80.37012909,21,2,0.0002591143840883356
71,Bengkulu,1325.668,80.34351515,5,1,0.0002590285803874802
37,Daerah Khusus Ibukota Jakarta,1321.46914,80.08903878699999,9,8,0.0002582081451464955
43,Aceh,1311.0,79.454545456,1,8,0.00025616253005125467
42,Kalimantan Utara,1300.042227,78.790437996,0,2,0.0002540214386283657
36,Daerah Istimewa Yogyakarta,1297.928768,78.662349573,0,3,0.00025360847981478865
81,Bali,1294.96902,78.48297091399999,11,5,0.0002530301605653652
27,Sulawesi Tenggara,1284.88516,77.87182788,0,1,0.0002510598271631664
80,Kepulauan Riau,1283.8965739999999,77.811913582,72,3,0.0002508666626391898
16,Kepulauan Bangka Belitung,1280.3,77.59393939,0,1,0.0002501639109264846
12,Sumatera Utara,1274.558,77.24593939,0,1,0.00024904195421591687
53,Maluku,1272.413676,77.115980367,0,3,0.0002486229645430796
63,Daerah Istimewa Yogyakarta,1253.8946569999998,75.993615566,16,5,0.0002450044452745005
95,Jawa Timur,1223.340954,74.141875996,32,7,0.0002390344118168997
79,Kepulauan Riau,1222.225,74.074242425,5,5,0.00023881636025316146
59,Sulawesi Tenggara,1221.359722,74.02180133499999,13,4,0.00023864728946622197
77,Sulawesi Tenggara,1207.7359999999999,73.196121216,1,3,0.00023598528557893368
8,Nusa Tenggara Timur,1205.261224,73.046134783,8,5,0.00023550172731694275
11,Sulawesi Tenggara,1204.0,72.96969697,32,2,0.00023525529075645352
82,Sulawesi Selatan,1188.101725,72.006165151,23,2,0.00023214885113215862
93,Kalimantan Selatan,1185.130001,71.82606066700001,5,5,0.00023156819183509222
77,Kalimantan Utara,1183.474129,71.725704781,1,3,0.00023124464312345146
50,Maluku,1180.5275060000001,71.547121574,0,2,0.00023066888843024998
71,Kalimantan Tengah,1165.4181090000002,70.63140053699999,6,5,0.0002277165914332486
91,Jawa Timur,1163.4208,70.510351511,91,2,0.0002273263277210181
1,Daerah Istimewa Yogyakarta,1156.621197,70.098254368,5,3,0.00022599772092633913
56,Kalimantan Utara,1151.493,69.78745454,34,3,0.00022499569810549913
41,Maluku Utara,1145.211041,69.406729757,0,3,0.00022376823623584372
96,Sulawesi Selatan,1142.0,69.21212121,10,2,0.00022314081565105476
2,Bali,1137.545146,68.94213006,10,7,0.00022227036052393885
22,Kalimantan Timur,1131.15734,68.554990302,28,2,0.00022102221670514666
72,Banten,1130.0839999999998,68.48993939100001,26,2,0.00022081249169370097
11,Sumatera Selatan,1127.574929,68.33787448,5,1,0.00022032223236842396
78,Sumatera Utara,1122.786,68.04763637,69,3,0.00021938650073693975
53,Daerah Istimewa Yogyakarta,1119.900334,67.872747518,43,4,0.00021882265672210912
59,Nusa Tenggara Timur,1113.547346,67.487717943,11,2,0.00021758131615806243
11,Nusa Tenggara Timur,1092.073076,66.18624702999999,1,2,0.0002133853563302945
49,Papua Barat Daya,1089.219964,66.01333115,0,1,0.00021282787319647329
59,Nusa Tenggara Barat,1074.113696,65.09779976,0,1,0.00020987618758967517
70,Sumatera Selatan,1072.555,65.003333331,0,3,0.0002095716265592093
43,Daerah Istimewa Yogyakarta,1069.05,64.790909088,51,3,0.00020888676792623476
33,Bengkulu,1056.768,64.04654545,3,1,0.0002064869294868072
66,Riau,1052.7506,63.80306667,59,1,0.00020570195057892935
96,Jawa Tengah,1049.920593,63.63155109,5,5,0.0002051489820410325
81,Papua Tengah,1042.021428,63.152813814,144,2,0.00020360552659351737
3,Kalimantan Utara,1025.00625,62.1215909,0,2,0.0002002808499758572
58,Kepulauan Riau,1022.490939,61.96914782,0,1,0.00019978937138727924
78,Sulawesi Selatan,1020.5023,61.84862424,35,3,0.0001994008017476159
6,Jawa Tengah,1020.018014,61.81927357000001,1,2,0.00019930617480098858
2,Sulawesi Utara,1020.0,61.81818182,0,1,0.0001993026549597862
93,Kepulauan Bangka Belitung,1019.528113,61.789582604,21,4,0.00019921045071278522
95,Papua Barat Daya,1000.0,60.60606061,0,1,0.0001953947597644963
90,Sulawesi Tengah,1000.0,60.60606061,0,1,0.0001953947597644963
59,Maluku Utara,1000.0,60.60606061,0,1,0.0001953947597644963
59,Bengkulu,1000.0,60.60606061,0,1,0.0001953947597644963
59,Papua Barat,1000.0,60.60606061,0,1,0.0001953947597644963
49,Daerah Istimewa Yogyakarta,991.739964,60.105452357999994,7,4,0.00019378079201463018
19,Lampung,985.043496,59.69960582,0,1,0.00019247233725849957
79,Sulawesi Tengah,979.247181,59.348313998,3,2,0.00019133976768155518
79,Banten,970.054628,58.791189569000004,87,11,0.0001895435909964978
28,Daerah Istimewa Yogyakarta,968.743408,58.711721693,268,4,0.00018928738547959942
32,Lampung,957.6997,58.042406061,32,2,0.00018712950280803017
80,Sulawesi Tengah,957.442671,58.026828544,37,3,0.00018707928068832264
85,Kalimantan Selatan,957.28801,58.017455149,24,3,0.0001870490607393827
74,Nusa Tenggara Barat,952.320339,57.71638418,0,5,0.00018607840385774868
47,Papua Pegunungan,948.5,57.484848485,0,2,0.00018533192963662474
35,Papua Tengah,946.156062,57.34279164,4,1,0.00018487393643421186
56,Bengkulu,940.0282050000001,56.971406366,34,4,0.0001836765852878257
68,Maluku,933.80923,56.59449879,1,1,0.00018246143016171923
46,Papua Barat Daya,923.079882,55.944235272,67,5,0.00018036497178682958
60,Jambi,920.0542,55.76086061,0,1,0.00017977376937931583
60,Jawa Tengah,918.297383,55.654386852,4,2,0.00017943049654365063
2,Papua Barat Daya,917.45,55.603030305000004,0,3,0.00017926492234593714
50,Kepulauan Bangka Belitung,917.2,55.58787879,32,2,0.000179216073655996
81,Kepulauan Riau,916.156344,55.524626913,7,3,0.00017901214874259922
79,Daerah Istimewa Yogyakarta,905.5,54.878787880000004,7,2,0.0001769299549667514
7,Nusa Tenggara Timur,901.699873,54.64847715,0,1,0.00017618743006451182
41,Kalimantan Utara,898.758329,54.470201756,1,2,0.00017561266778129512
1,Papua Tengah,892.5033490000001,54.09111206,0,2,0.0001743904774668634
38,Aceh,891.05,54.003030305,0,3,0.00017410650068815442
70,Lampung,884.505854,53.606415389,0,4,0.00017282780885262061
22,Daerah Istimewa Yogyakarta,878.854514,53.26390994,22,1,0.00017172356663097314
3,Sumatera Selatan,862.5,52.27272727,0,1,0.00016852798029687806
61,Kalimantan Utara,855.4809849999999,51.847332429999994,0,2,0.00016715650154716964
70,Sulawesi Selatan,852.357253,51.658015341,0,3,0.00016654614068346098
63,Sumatera Utara,851.895904,51.630054794,0,4,0.00016645599550643838
70,Riau,848.139355,51.402385151,0,4,0.00016572198551703985
3,Papua Selatan,845.7,51.25454545,0,1,0.0001652453483328345
20,Sulawesi Utara,840.0,50.90909091,0,1,0.00016413159820217687
55,Bengkulu,832.3621149999999,50.446188784,60,2,0.00016263919549749302
95,Banten,824.2022430000001,49.951651091,3,4,0.000161044799268344
8,Jambi,822.1763940000001,49.828872360000005,0,3,0.00016064895898966984
49,Papua,815.3845,49.417242426,1,2,0.00015932185849319393
33,Lampung,814.0,49.333333333,0,2,0.00015905133444829998
42,Maluku,806.588657,48.884161033000005,33,3,0.0001576031968632827
8,Gorontalo,793.4,48.084848482,0,5,0.00015502620239715134
58,Jawa Tengah,788.3103209999999,47.776383088,15,6,0.00015403170579166795
55,Maluku,785.058972,47.57933164,8,3,0.00015339640923490243
42,Kepulauan Bangka Belitung,784.415418,47.540328371,2,3,0.00015327066215567694
31,Daerah Istimewa Yogyakarta,777.759415,47.136934242,117,6,0.00015197011404850016
82,Jambi,776.3132949999999,47.04929061,2,2,0.00015168754977850951
82,Bengkulu,768.300352,46.5636577,0,1,0.00015012186270601795
90,Jawa Barat,766.9664290000001,46.482813878,16,4,0.0001498612211418886
25,Sumatera Barat,765.573578,46.398398667,9,2,0.00014958906535535586
56,Maluku,764.992311,46.36317036,49,3,0.00014947548882953183
52,Papua Tengah,763.0,46.242424240000005,69,2,0.00014908620170031066
3,Kalimantan Selatan,761.196967,46.13314952,3,1,0.0001487338985004282
95,Sumatera Utara,756.0,45.81818182,0,1,0.00014771843838195918
71,Nusa Tenggara Barat,749.319135,45.41328091,0,3,0.00014641303237026516
64,Sulawesi Barat,749.246223,45.408861998,29,3,0.0001463987857475412
63,Sumatera Selatan,747.78967,45.32058606,0,1,0.00014611418292402194
36,Sulawesi Selatan,741.615,44.946363636,0,2,0.0001449076847627469
55,Papua Tengah,738.838036,44.77806279,7,1,0.00014436508054909225
78,Sulawesi Tenggara,737.25,44.681818172,20,3,0.0001440547866363749
20,Kalimantan Utara,734.961014,44.543091757999996,0,3,0.0001436075307668006
72,Jawa Tengah,732.850596,44.415187637,118,3,0.00014319516614868792
95,Papua,729.25339,44.19717515,0,1,0.00014249229094649452
72,Sumatera Utara,725.792196,43.98740582,1,1,0.00014181599177636622
49,Papua Tengah,715.0,43.33333333,23,1,0.00013970725323161486
80,Maluku,708.364999,42.931212058,0,2,0.00013841080880518266
10,Papua Barat,704.72424,42.71056,2,2,0.00013769942357501724
32,Kepulauan Bangka Belitung,695.549995,42.15454515,0,1,0.0001359068241772216
16,Papua,695.526044,42.153093577,10,3,0.00013590214427733048
9,Lampung,693.076927,42.004662239,0,2,0.00013542359964948032
8,Papua Barat,682.6,41.369696967,8,4,0.00013337646301524517
2,Kalimantan Selatan,681.2930259999999,41.29048642,0,4,0.0001331210871444967
71,Jambi,680.879385,41.265417273,0,3,0.00013304026386067296
43,Nusa Tenggara Timur,678.7,41.133333332999996,0,2,0.00013261442345216363
27,Bali,677.015407,41.03123679,0,1,0.00013228526280762768
79,Sumatera Utara,674.19,40.859999999,5,2,0.00013173319308562576
71,Kalimantan Barat,662.723974,40.165089338,1,3,0.0001294927916899023
64,Maluku Utara,660.459127,40.02782588,8,2,0.00012905025245443395
2,Kepulauan Riau,653.735534,39.620335393,1,5,0.0001277364976154447
63,Sulawesi Selatan,652.30632,39.53371636399999,16,3,0.00012745723668926263
16,Sulawesi Selatan,642.0183989999999,38.910206005,26,2,0.0001254470308369915
28,Nusa Tenggara Barat,641.085812,38.85368558,0,1,0.00012526480822416705
36,Kalimantan Barat,633.7115080000001,38.406758061,5,2,0.00012382390786565669
19,Kalimantan Barat,633.7,38.40606061,2,6,0.0001238216592627613
96,Kalimantan Barat,628.35,38.08181818,1,1,0.00012277629729802125
80,Kalimantan Tengah,619.918428,37.570813815,7,3,0.00012112881231264419
70,Kalimantan Selatan,614.550577,37.245489512000006,150,2,0.00012007996235604758
22,Sulawesi Selatan,614.03324,37.214135763,21,5,0.0001199788774172153
59,Sulawesi Tengah,612.5,37.121212121,0,2,0.00011967929035575398
73,Jawa Timur,603.894247,36.599651338,19,6,0.00011799777131572638
82,Maluku Utara,601.841225,36.475225761000004,0,3,0.00011759662157524515
19,Sumatera Barat,600.0,36.36363636,0,1,0.00011723685585869778
93,Kalimantan Barat,596.7312999999999,36.165533329999995,1,3,0.00011659816900745554
49,Nusa Tenggara Timur,596.11565,36.128221216,0,5,0.00011647787422360654
36,Kalimantan Timur,593.521454,35.970997215,0,2,0.00011597098191940453
31,Sulawesi Selatan,592.743616,35.92385552,197,1,0.00011581899645025882
93,Sulawesi Tenggara,592.36,35.900606061999994,4,3,0.00011574403989409703
22,Kepulauan Bangka Belitung,591.848093,35.86958139,3,1,0.00011564401594881024
50,Bengkulu,587.90065,35.63034242,14,1,0.00011487270627214123
63,Kalimantan Timur,586.760472,35.56124073,0,1,0.00011464992146574247
95,Bali,584.544372,35.426931638000006,33,3,0.00011421690713862834
85,Riau,581.21737,35.22529515,2,1,0.00011356682838210234
2,Lampung,580.990153,35.211524426000004,0,3,0.00011352243137097293
7,Kalimantan Timur,580.858056,35.203518548000005,1,3,0.00011349662030939232
70,Sumatera Barat,580.6519559999999,35.19102763,0,8,0.00011345634944940486
16,Kalimantan Tengah,571.903098,34.660793818,218,3,0.00011174686844228118
22,Bengkulu,571.744708,34.65119442,6,1,0.00011171591986628207
52,Papua Pegunungan,563.759,34.167212123,0,2,0.00011015555437007265
11,Aceh,563.618973,34.15872564,0,1,0.0001101281938280471
23,Nusa Tenggara Timur,562.1075000000001,34.067121209,2,6,0.00010983285992432163
81,Aceh,561.5,34.030303028,10,4,0.00010971415760776468
33,Sumatera Barat,560.921891,33.99526612,14,1,0.00010960119813859196
2,Maluku Utara,559.002212,33.878921942000005,29,6,0.00010922610292156202
59,Papua,550.0,33.33333333,0,1,0.00010746711787047296
79,Bengkulu,550.0,33.333333336,0,2,0.00010746711787047296
17,Kalimantan Barat,546.010028,33.09151685,1,1,0.0001066874982500659
77,Daerah Istimewa Yogyakarta,545.940044,33.087275397,14,4,0.00010667382374319853
27,Daerah Istimewa Yogyakarta,545.0,33.03030303,38,1,0.00010649014407165049
77,Maluku Utara,544.880826,33.02308036,0,1,0.00010646685809655028
42,Papua Selatan,540.001209,32.727346,0,1,0.00010551340650509256
23,Gorontalo,540.0,32.727272732,0,2,0.00010551317027282799
6,Bengkulu,539.399539,32.690881149999996,0,2,0.00010539584333998505
24,Riau,539.05,32.66969697,22,3,0.00010532754525105172
47,Papua Selatan,528.675994,32.04096933,7,2,0.00010330051884088626
81,Sulawesi Selatan,525.178445,31.828996665,24,3,0.00010261711609426672
33,Daerah Istimewa Yogyakarta,523.153405,31.70626697,0,2,0.00010222143388995323
68,Papua Barat,522.5,31.66666667,2,1,0.0001020937619769493
82,Riau,518.15983,31.403626058999997,1,4,0.00010124571550246226
32,Kalimantan Barat,513.0,31.09090909,0,1,0.00010023751175918659
58,Daerah Istimewa Yogyakarta,507.603405,30.763842728,14,2,9.918304537561531e-05
85,Sulawesi Utara,507.322766,30.7468343,7,1,9.912820998562977e-05
19,Aceh,506.740276,30.71153188,0,1,9.901439449201455e-05
12,Daerah Istimewa Yogyakarta,505.80969500000003,30.655133035,10,2,9.883256384107815e-05
5,Banten,500.0,30.3030303,2,1,9.769737988224815e-05
59,Papua Tengah,500.0,30.3030303,0,1,9.769737988224815e-05
19,Papua,500.0,30.3030303,3,1,9.769737988224815e-05
59,Sulawesi Barat,500.0,30.3030303,0,1,9.769737988224815e-05
60,Daerah Istimewa Yogyakarta,500.0,30.3030303,0,1,9.769737988224815e-05
49,Maluku,500.0,30.3030303,0,1,9.769737988224815e-05
59,Kepulauan Bangka Belitung,500.0,30.3030303,0,1,9.769737988224815e-05
59,Papua Barat Daya,500.0,30.3030303,0,1,9.769737988224815e-05
59,Maluku,500.0,30.3030303,0,1,9.769737988224815e-05
59,Gorontalo,500.0,30.3030303,0,1,9.769737988224815e-05
62,Papua Barat Daya,500.0,30.3030303,0,1,9.769737988224815e-05
59,Kalimantan Utara,500.0,30.3030303,0,1,9.769737988224815e-05
80,Aceh,495.761987,30.046181028000003,13,3,9.686929435023433e-05
45,Kalimantan Tengah,494.110358,29.946082306999998,63,4,9.654657469855927e-05
64,Kalimantan Utara,493.46732499999996,29.907110605999996,37,4,9.64209294200036e-05
50,Papua Barat Daya,493.241175,29.893404546,13,3,9.637674089508287e-05
43,Kalimantan Utara,484.458749,29.361136306,1,3,9.46607008766634e-05
21,Daerah Istimewa Yogyakarta,475.489888,28.81756897,43,2,9.290823243620724e-05
7,Sumatera Selatan,471.630035,28.58363848,0,1,9.215403738654598e-05
38,Sumatera Selatan,470.51793200000003,28.516238303,0,4,9.193673828802762e-05
80,Maluku Utara,467.71299999999997,28.346242420000003,14,2,9.138866927373184e-05
56,Papua Barat,464.135626,28.129431877000002,0,4,9.06896691404141e-05
90,Jawa Timur,458.823009,27.807455095,34,4,8.965161161797832e-05
33,Sulawesi Selatan,458.64300000000003,27.796545451,8,4,8.961643880266787e-05
13,Sumatera Utara,458.145479,27.76639267,0,1,8.951922580639509e-05
2,Jawa Tengah,456.609375,27.6732954536061,20,14,8.921907913434181e-05
77,Aceh,451.53682000000003,27.365867874,6,6,8.822792846872461e-05
95,Daerah Istimewa Yogyakarta,446.30415,27.048736363,0,4,8.720549217114771e-05
78,Kalimantan Utara,443.062236,26.85225673,0,1,8.657203916394056e-05
51,Jawa Timur,441.454488,26.75481745,0,1,8.625789362971871e-05
61,Gorontalo,440.33738,26.68711394,0,1,8.603961658042771e-05
55,Papua Pegunungan,440.0,26.66666667,12,1,8.597369429637838e-05
19,Kalimantan Utara,439.540025,26.63878939,0,1,8.58838175917557e-05
71,Riau,437.814997,26.534242242,0,5,8.554675616010866e-05
25,Lampung,435.838938,26.414481088,3,2,8.516064458652319e-05
86,Papua,434.688642,26.34476618,0,1,8.493588277594513e-05
49,Sulawesi Utara,431.371432,26.143723147,0,2,8.428771732490675e-05
24,Sulawesi Utara,430.119,26.06781818,11,1,8.404299867514538e-05
82,Nusa Tenggara Barat,428.336724,25.959801451999997,0,4,8.369475128429136e-05
28,Sumatera Barat,427.094538,25.88451745,0,1,8.345203464923853e-05
61,Maluku Utara,425.261524,25.7734257,0,2,8.309387331906358e-05
12,Banten,417.42277,25.2983497,0,1,8.156222186438059e-05
73,Kepulauan Riau,414.936895,25.147690608999998,15,3,8.107649491595102e-05
14,Kalimantan Utara,399.795981,24.23005945,0,1,7.811803966230611e-05
80,Gorontalo,397.36776599999996,24.082894913,30,2,7.764357917572457e-05
12,Daerah Khusus Ibukota Jakarta,395.905,23.99424243,0,2,7.73577623645629e-05
62,Sumatera Utara,392.090002,23.7630304216061,1,3,7.661233174685087e-05
11,Kalimantan Tengah,391.323423,23.716571087,0,3,7.646254622730536e-05
73,Riau,390.0,23.63636364,0,1,7.620395630815354e-05
79,Nusa Tenggara Barat,382.907657,23.206524666,0,5,7.481814965150114e-05
37,Jawa Tengah,380.006532,23.030698906,7,5,7.425128502907938e-05
65,Sumatera Selatan,379.295468,22.98760412,2,1,7.41123468496222e-05
6,Sulawesi Utara,377.62914,22.88661455,0,1,7.378675509037334e-05
3,Papua Barat,374.98885900000005,22.726597512,0,3,7.327085801866757e-05
23,Kepulauan Bangka Belitung,374.14799999999997,22.675636361000002,2,2,7.310655857636675e-05
78,Jambi,372.222385,22.558932422,12,2,7.273030349604285e-05
22,Jambi,372.065613,22.54943109,19,4,7.269967106876505e-05
52,Papua Selatan,371.33,22.50484848,0,1,7.25559361433504e-05
66,Jawa Tengah,370.429963,22.45030079,5,1,7.238007362995625e-05
95,Kepulauan Riau,369.327557,22.383488303,111,2,7.216466927442331e-05
70,Kalimantan Timur,368.209295,22.315714853,134,4,7.194616673957955e-05
60,Jawa Barat,361.770334,21.92547479,708,3,7.068802750185158e-05
62,Nusa Tenggara Barat,355.7,21.55757576,0,1,6.950191604823133e-05
82,Sumatera Utara,352.91392599999995,21.388722793,8,5,6.89575317883152e-05
33,Papua,350.0,21.21212121,0,1,6.83881659175737e-05
16,Kepulauan Riau,345.542331,20.941959453,35,3,6.751716075420905e-05
53,Sulawesi Utara,343.971737,20.846771936,0,2,6.72102749168915e-05
65,Lampung,332.1155,20.12821212,2,1,6.489362833656558e-05
43,Papua Selatan,330.0,20.0,0,1,6.448027072228378e-05
78,Nusa Tenggara Timur,329.0516,19.942521211,5,2,6.429495833212314e-05
7,Daerah Istimewa Yogyakarta,323.766096,19.62218764,0,1,6.326219854780886e-05
25,Papua Tengah,322.389921,19.53878309,0,1,6.299330116428994e-05
3,Papua Barat Daya,320.795425,19.44214697,0,1,6.268174500142449e-05
91,Kalimantan Timur,320.0,19.39393939,0,1,6.252632312463881e-05
41,Papua Pegunungan,320.0,19.39393939,0,1,6.252632312463881e-05
75,Daerah Istimewa Yogyakarta,318.545333,19.30577776,1,1,6.224208881563648e-05
38,Maluku Utara,317.78856,19.25991273,6,1,6.209421933710522e-05
71,Kepulauan Bangka Belitung,313.5,18.999999996,0,2,6.125625718616959e-05
64,Papua Barat Daya,313.200983,18.98187776,10,1,6.119783083128909e-05
43,Sulawesi Tenggara,313.1,18.975757576,0,5,6.11780992822638e-05
82,Sumatera Selatan,313.03844000000004,18.972026672,3,2,6.116607078085269e-05
80,Kepulauan Bangka Belitung,312.53,18.941212119,23,4,6.106672426919802e-05
29,Sumatera Utara,312.256,18.924606061,1,2,6.1013186105022554e-05
20,Aceh,310.219588,18.801187152,0,2,6.061528187150101e-05
80,Sumatera Barat,310.062636,18.791674905,29,3,6.058461427316646e-05
37,Riau,304.483001,18.4535152136061,0,3,5.949438283276788e-05
56,Papua Tengah,303.228499,18.377484788,5,2,5.9249259715853805e-05
43,Papua Barat,302.14000000000004,18.311515152,0,3,5.903657271524492e-05
82,Lampung,302.03610000000003,18.305218185999998,32,3,5.9016271199705385e-05
58,Nusa Tenggara Barat,302.0,18.3030303,8,1,5.9009217448877884e-05
22,Nusa Tenggara Barat,299.804618,18.16997685,0,1,5.8580251310396584e-05
93,Maluku,299.7395,18.166030303,3,3,5.856752759443023e-05
93,Sumatera Selatan,299.284395,18.138448185999998,18,6,5.8478602462287616e-05
79,Nusa Tenggara Timur,298.169268,18.070864727,4,3,5.826071249001571e-05
81,Lampung,296.414744,17.96452994,47,3,5.791788769453466e-05
35,Papua,295.0,17.878787879,0,4,5.76414541305264e-05
78,Papua Barat Daya,293.071504,17.76190933,0,1,5.726463611789961e-05
81,Sumatera Selatan,292.86974399999997,17.749681455,14,7,5.722521327116952e-05
49,Kepulauan Bangka Belitung,290.12,17.5830303,2,2,5.668792770287567e-05
78,Gorontalo,288.72367099999997,17.498404303,200,2,5.641509233336846e-05
71,Nusa Tenggara Timur,285.5,17.303030302,0,2,5.578520391276369e-05
64,Papua,283.986542,17.21130558,10,1,5.548948215044003e-05
78,Aceh,283.96,17.209696964,0,4,5.5484295982726365e-05
81,Riau,283.676197,17.192496792,6,4,5.5428842363720916e-05
91,Lampung,282.4208,17.11641212,0,1,5.518354436849685e-05
51,Kalimantan Tengah,278.0,16.84848485,0,1,5.4319743214529964e-05
16,Daerah Istimewa Yogyakarta,277.868586,16.840520367,4,2,5.429406560757027e-05
71,Sulawesi Selatan,276.3068,16.745866665,16,3,5.398890080729673e-05
37,Sulawesi Selatan,273.9752,16.60455758,0,1,5.353331838542982e-05
95,Jawa Tengah,273.662565,16.585609996000002,0,5,5.347223114471085e-05
43,Kalimantan Tengah,266.925335,16.17729303,0,1,5.2155811707382696e-05
39,Daerah Khusus Ibukota Jakarta,257.224504,15.589363876,0,2,5.0260320164621726e-05
65,Kalimantan Barat,255.939214,15.51146752,3,1,5.0009181233844e-05
2,Nusa Tenggara Barat,252.0,15.272727273000001,0,3,4.9239479460653066e-05
20,Sulawesi Selatan,250.0,15.15151515,0,1,4.884868994112407e-05
38,Papua Barat Daya,250.0,15.15151515,3,1,4.884868994112407e-05
20,Maluku,250.0,15.15151515,0,1,4.884868994112407e-05
81,Papua,248.776294,15.077351149999998,99,2,4.86095842012317e-05
32,Riau,248.174523,15.04088018,0,1,4.849200130125346e-05
28,Aceh,248.0,15.030303032,0,2,4.845790042159508e-05
2,Sulawesi Selatan,247.674773,15.010592302,0,3,4.839435277006115e-05
30,Kalimantan Barat,246.835004,14.959697208,5,4,4.823026630804848e-05
61,Papua Barat,244.324812,14.807564366,0,2,4.7739787945245724e-05
81,Sulawesi Utara,242.433349,14.692930245,1,3,4.737020598675728e-05
70,Aceh,242.013817,14.667504061999999,0,2,4.728823163240377e-05
32,Sulawesi Utara,239.79583,14.53308061,0,1,4.685484859537799e-05
17,Sulawesi Selatan,239.20905,14.497518187,0,2,4.6740194858243375e-05
13,Riau,238.189729,14.43574115,0,1,4.6541024876325474e-05
78,Kalimantan Barat,238.15705,14.433760606,0,3,4.653463957097113e-05
31,Sulawesi Tenggara,237.72919,14.4078297,4,1,4.645103796905829e-05
78,Sulawesi Tengah,235.89484000000002,14.29665697,31,4,4.6092615591484294e-05
60,Nusa Tenggara Barat,234.804086,14.23055067,0,1,4.5879487975692134e-05
63,Kalimantan Selatan,234.477697,14.210769514,0,4,4.5815713275447354e-05
80,Nusa Tenggara Timur,232.91405,14.116003027000001,0,2,4.551018484552588e-05
42,Bengkulu,232.9,14.115151515,0,4,4.550743954915118e-05
78,Maluku,232.69,14.10242424,1,1,4.546640664960064e-05
53,Kalimantan Utara,232.144249,14.06934842,1,1,4.535976976406441e-05
96,Lampung,230.0,13.93939394,0,1,4.4940794745834145e-05
11,Daerah Istimewa Yogyakarta,229.763108,13.925036846,6,2,4.4894507290404014e-05
62,Jawa Tengah,229.489666,13.908464604999999,3,7,4.4841078156504495e-05
2,Kepulauan Bangka Belitung,228.32,13.83757576,0,1,4.461253154942979e-05
37,Jawa Timur,227.872776,13.810471274000001,6,5,4.4525146323388876e-05
7,Papua Barat Daya,227.339907,13.77817618,0,1,4.442102651314793e-05
78,Maluku Utara,225.403455,13.660815455,0,3,4.404265393981245e-05
11,Maluku Utara,222.000001,13.45454552,20,1,4.3377636863112934e-05
20,Daerah Istimewa Yogyakarta,218.2394,13.226630307999999,2,3,4.2642835134147806e-05
11,Jambi,216.373,13.113515152,16,2,4.227815035452336e-05
41,Papua,216.1,13.096969697,66,4,4.222480758510765e-05
73,Jawa Tengah,212.717171,12.891949756999999,3,6,4.156382052532828e-05
63,Kalimantan Barat,212.011697,12.849193757,0,2,4.1425974602578176e-05
91,Kepulauan Riau,210.729375,12.771477273,2,2,4.1175415603447454e-05
52,Kalimantan Utara,210.34204599999998,12.748002789,28,3,4.109973354654262e-05
70,Sulawesi Utara,209.320911,12.686115816000001,24,2,4.090020911853051e-05
75,Jawa Timur,209.085,12.67181818,0,1,4.085411334535971e-05
53,Papua,207.578041,12.58048733,0,1,4.0559661453579764e-05
3,Riau,207.0,12.545454543999998,5,2,4.044671527125073e-05
38,Nusa Tenggara Barat,204.0,12.363636363000001,0,2,3.9860530991957246e-05
65,Sulawesi Selatan,203.881815,12.35647364,40,1,3.983743826227448e-05
74,Kepulauan Bangka Belitung,203.5,12.333333331999999,3,2,3.9762833612074995e-05
30,Nusa Tenggara Barat,202.47001799999998,12.270910182,2,3,3.9561580526623236e-05
43,Maluku Utara,202.0,12.242424239,13,2,3.9469741472428254e-05
86,Papua Tengah,202.0,12.24242424,5,1,3.9469741472428254e-05
13,Sumatera Barat,201.853,12.23351515,0,1,3.9441018442742875e-05
5,Kalimantan Barat,200.0,12.12121212,4,1,3.907895195289926e-05
69,Banten,200.0,12.12121212,0,1,3.907895195289926e-05
75,Bali,200.0,12.12121212,0,1,3.907895195289926e-05
21,Nusa Tenggara Timur,200.0,12.12121212,0,1,3.907895195289926e-05
39,Daerah Istimewa Yogyakarta,196.95318,11.93655636,0,1,3.848361929095359e-05
64,Papua Selatan,196.192102,11.890430424000002,8,2,3.833490863798155e-05
80,Bengkulu,196.131106,11.886733697,22,3,3.8322990339214955e-05
50,Kalimantan Tengah,194.41839,11.78293273,0,1,3.7988334607850145e-05
52,Sulawesi Barat,191.009,11.576303035,2,2,3.732215766785667e-05
53,Kalimantan Timur,190.0,11.515151516,2,2,3.712500435525429e-05
55,Sulawesi Barat,190.0,11.51515152,6,1,3.712500435525429e-05
63,Sulawesi Utara,185.028204,11.21383055,0,1,3.6153541470236206e-05
78,Kalimantan Tengah,179.79759,10.896823637,38,4,3.5131506904285406e-05
17,Daerah Istimewa Yogyakarta,178.173415,10.798388788,65,2,3.4814151620344896e-05
43,Bengkulu,172.0,10.424242425,1,2,3.360789867949336e-05
51,Kalimantan Selatan,170.0,10.3030303,0,1,3.321710915996437e-05
53,Maluku Utara,168.853347,10.233536182,0,2,3.2993059172496134e-05
18,Bali,168.0,10.18181818,0,1,3.282631964043538e-05
20,Maluku Utara,167.571661,10.15585824,0,1,3.274262444443261e-05
6,Papua Barat,165.0,10.0,17,1,3.224013536114189e-05
50,Papua Tengah,165.0,10.0,44,1,3.224013536114189e-05
78,Papua Tengah,164.518474,9.970816606,56,1,3.214604770405153e-05
73,Kalimantan Timur,163.6,9.915151515,2,2,3.196658269747159e-05
82,Sulawesi Utara,157.1,9.521212121,0,1,3.069651675900237e-05
74,Lampung,152.328216,9.232013089999999,0,3,2.97641351706743e-05
51,Papua Pegunungan,150.0,9.090909091,0,1,2.9309213964674446e-05
18,Nusa Tenggara Barat,150.0,9.090909091,4,1,2.9309213964674446e-05
16,Papua Barat Daya,150.0,9.090909091,0,1,2.9309213964674446e-05
62,Nusa Tenggara Timur,150.0,9.090909091,0,1,2.9309213964674446e-05
82,Sumatera Barat,145.1,8.793939394,0,1,2.8351779641828412e-05
53,Sumatera Utara,141.50391900000002,8.57599509,5,3,2.7649124258739744e-05
60,Banten,137.132,8.311030303,0,1,2.6794874196024907e-05
22,Kalimantan Selatan,136.186045,8.253699697,0,1,2.6610039546051883e-05
25,Daerah Istimewa Yogyakarta,135.806443,8.230693515,53,3,2.6535867304455758e-05
85,Sulawesi Tengah,133.2,8.072727273,0,1,2.6026582000630904e-05
2,Papua Tengah,128.51575400000002,7.788833576,0,2,2.511130487878311e-05
23,Sulawesi Barat,126.5,7.666666666999999,1,3,2.4717437110208778e-05
56,Sulawesi Barat,125.76500000000001,7.622121213,70,4,2.4573821961781875e-05
56,Gorontalo,124.252339,7.530444788,84,4,2.4278255929081757e-05
24,Nusa Tenggara Timur,121.382601,7.356521273,0,1,2.3717524161984707e-05
63,Jambi,121.31082199999999,7.35217103,5,3,2.3703498921523568e-05
32,Sumatera Utara,120.537,7.305272727,6,1,2.355229815773309e-05
24,Sumatera Barat,120.119892,7.279993455,0,1,2.3470797440277237e-05
96,Sumatera Utara,120.0,7.272727272,0,2,2.3447371171739555e-05
66,Sumatera Barat,118.713318,7.194746546,1,2,2.3195960251456255e-05
63,Sumatera Barat,117.111639,7.097675091,0,1,2.2883000568031412e-05
79,Sulawesi Barat,115.914567,7.025125273,0,1,2.264909897217061e-05
35,Papua Pegunungan,115.0,6.96969697,0,1,2.2470397372917073e-05
71,Sulawesi Utara,114.651,6.9485454540000005,32,2,2.2402204601759265e-05
62,Riau,113.313188,6.867465939000001,0,2,2.2140803147409203e-05
78,Papua,111.35,6.748484848,11,1,2.1757206499776658e-05
75,Sumatera Utara,111.0,6.727272727,0,1,2.168881833385909e-05
62,Sulawesi Selatan,109.97,6.664848485,0,1,2.1487561731301657e-05
71,Papua Barat,109.872,6.658909091,0,1,2.1468413044844738e-05
18,Daerah Istimewa Yogyakarta,107.722907,6.52866103,5,3,2.1048491534398178e-05
90,Sulawesi Selatan,106.0,6.424242424,17,1,2.0711844535036605e-05
11,Papua Pegunungan,105.0,6.363636364,0,1,2.051644977527211e-05
25,Kalimantan Selatan,105.0,6.363636364,4,1,2.051644977527211e-05
51,Maluku,102.5,6.212121212,0,1,2.002796287586087e-05
60,Bali,102.485373,6.211234728,0,2,2.0025104836709794e-05
38,Lampung,102.45405400000001,6.209336606,1,2,2.0018985268228732e-05
32,Sulawesi Selatan,102.0,6.181818182000001,0,2,1.9930265495978623e-05
24,Papua Barat Daya,100.982838,6.120172,2,1,1.9731517371347046e-05
96,Sumatera Selatan,100.0,6.060606061,0,1,1.953947597644963e-05
36,Sulawesi Tengah,100.0,6.060606061,1,1,1.953947597644963e-05
5,Sulawesi Tenggara,100.0,6.060606061,0,1,1.953947597644963e-05
22,Gorontalo,100.0,6.060606061,0,1,1.953947597644963e-05
77,Jambi,100.0,6.060606061,0,1,1.953947597644963e-05
81,Kalimantan Selatan,96.902317,5.872867697,0,3,1.8934204950838065e-05
63,Riau,96.766966,5.864664606,0,2,1.890775807470918e-05
63,Nusa Tenggara Barat,96.581069,5.853398121,0,1,1.887143477505324e-05
63,Lampung,95.795332,5.805777697,0,1,1.8717905882700162e-05
91,Sumatera Barat,94.72,5.74060606,0,5,1.8507791644893086e-05
86,Sulawesi Barat,92.62758,5.613792727,0,1,1.809894374166666e-05
93,Kalimantan Tengah,91.52,5.546666667,39,3,1.78825284136467e-05
81,Kalimantan Barat,90.823511,5.504455212,0,2,1.7746438112813083e-05
45,Nusa Tenggara Timur,88.80450400000001,5.382091151,29,3,1.735193472508525e-05
78,Kepulauan Bangka Belitung,88.67,5.373939394000001,0,2,1.7325653348317885e-05
96,Daerah Istimewa Yogyakarta,88.02644000000001,5.334935758,0,2,1.719990509672385e-05
63,Papua,86.207816,5.224716121,0,1,1.68445554971419e-05
65,Jawa Tengah,85.93111400000001,5.207946303,1,2,1.6790489376325545e-05
93,Bengkulu,85.610915,5.188540303,0,4,1.6727924169643713e-05
81,Gorontalo,85.323511,5.171121879,2,1,1.6671766934108357e-05
62,Sumatera Barat,83.2,5.042424242,0,1,1.6256844012406092e-05
81,Sumatera Barat,82.737534,5.014396,0,1,1.6166480579436842e-05
55,Gorontalo,80.08447,4.853604242,0,1,1.564808577651701e-05
66,Jambi,80.0,4.848484848,4,1,1.5631580781159703e-05
15,Bali,79.986963,4.8476947280000005,3,2,1.5629033419676656e-05
29,Kalimantan Timur,78.7054,4.770024242,0,2,1.5378622725168585e-05
78,Sumatera Barat,78.59809999999999,4.763521212000001,0,2,1.5357656867445852e-05
45,Maluku,78.322194,4.746799636,0,1,1.530374628085827e-05
37,Sumatera Utara,78.189727,4.738771333,1,2,1.5277862923216552e-05
81,Daerah Istimewa Yogyakarta,77.75,4.712121212,4,2,1.5191942571689586e-05
93,Kalimantan Utara,77.452,4.694060606,1,1,1.5133714933279767e-05
53,Papua Barat Daya,76.827297,4.656199818,0,1,1.5011651240670607e-05
25,Jambi,75.0,4.545454545,2,1,1.4654606982337223e-05
31,Nusa Tenggara Timur,75.0,4.545454545,5,1,1.4654606982337223e-05
19,Nusa Tenggara Barat,75.0,4.545454545,0,1,1.4654606982337223e-05
95,Bengkulu,75.0,4.545454545,0,1,1.4654606982337223e-05
31,Lampung,75.0,4.545454545,0,1,1.4654606982337223e-05
69,Nusa Tenggara Barat,74.798967,4.533270727,0,1,1.4615326187597486e-05
66,Nusa Tenggara Barat,74.798967,4.533270727,0,1,1.4615326187597486e-05
73,Sulawesi Selatan,74.46425,4.512984848,5,1,1.4549924239793394e-05
33,Aceh,73.80760000000001,4.473187878,0,2,1.4421618270794036e-05
33,Kepulauan Bangka Belitung,72.943164,4.420797818,0,1,1.4252712006242254e-05
81,Maluku Utara,72.0,4.363636364,0,1,1.4068422703043732e-05
19,Daerah Istimewa Yogyakarta,72.0,4.363636364,0,1,1.4068422703043732e-05
78,Bengkulu,70.898409,4.296873273,27,1,1.3853177594240001e-05
32,Kalimantan Timur,70.0,4.242424242,0,1,1.367763318351474e-05
20,Bengkulu,70.0,4.242424242,0,1,1.367763318351474e-05
60,Sumatera Utara,68.956,4.179151515,3,1,1.3473641054320607e-05
49,Gorontalo,68.7427,4.166224242,2,2,1.343196335206284e-05
96,Papua Barat Daya,67.0,4.06060606,1,2,1.3091448904221252e-05
65,Kepulauan Riau,65.636377,3.977962242,1,1,1.282500411572691e-05
29,Riau,65.067222,3.943468,0,1,1.2713794211233148e-05
77,Lampung,64.265127,3.894856182,9,1,1.2557069051399845e-05
65,Riau,61.030678,3.69882897,0,1,1.1925074666074329e-05
74,Sulawesi Selatan,60.8,3.684848485,0,1,1.1880001393681374e-05
53,Jambi,60.559925,3.670298485,4,3,1.1833091996730912e-05
73,Sumatera Utara,60.202001,3.648606121,3,1,1.1763155522736966e-05
43,Papua,60.1,3.642424242,2,1,1.1743225061846227e-05
22,Kalimantan Utara,60.0,3.636363636,0,1,1.1723685585869777e-05
82,Aceh,60.0,3.6363636359999996,17,3,1.1723685585869777e-05
79,Sumatera Selatan,60.0,3.636363636,6,1,1.1723685585869777e-05
53,Kalimantan Tengah,59.6388,3.614472727,0,1,1.1653108998642843e-05
72,Daerah Istimewa Yogyakarta,59.555556,3.609427637,3,4,1.1636843557261007e-05
82,Sulawesi Barat,59.11403,3.5826684849999997,0,2,1.1550571690561227e-05
2,Aceh,56.0,3.393939394,0,1,1.0942106546811793e-05
22,Bali,55.045,3.336060606,0,1,1.0755504551236699e-05
26,Sumatera Utara,51.8,3.139393939,2,1,1.0121448555800908e-05
53,Kalimantan Barat,51.581307,3.126139818,0,1,1.0078717089603731e-05
81,Sulawesi Tenggara,51.0,3.090909091,2,1,9.965132747989312e-06
96,Kalimantan Timur,50.2,3.0424242419999996,3,2,9.808816940177713e-06
74,Sumatera Utara,50.04,3.032727272,0,2,9.777553778615393e-06
39,Riau,50.00003,3.030304848,0,1,9.769743850067609e-06
95,Sumatera Selatan,50.0,3.03030303,0,1,9.769737988224815e-06
26,Nusa Tenggara Barat,50.0,3.03030303,5,1,9.769737988224815e-06
32,Papua Tengah,50.0,3.03030303,0,1,9.769737988224815e-06
13,Bali,50.0,3.03030303,0,1,9.769737988224815e-06
69,Jawa Barat,50.0,3.03030303,4,1,9.769737988224815e-06
8,Papua,50.0,3.03030303,0,1,9.769737988224815e-06
75,Jawa Tengah,50.0,3.03030303,0,1,9.769737988224815e-06
32,Maluku Utara,50.0,3.03030303,0,1,9.769737988224815e-06
53,Nusa Tenggara Barat,49.989,3.029636364,0,3,9.767588645867405e-06
82,Sulawesi Tengah,49.965,3.028181818,0,1,9.762899171633058e-06
37,Sulawesi Tengah,48.787353,2.9568092729999997,0,2,9.532793118980677e-06
74,Sumatera Barat,48.2,2.921212121,0,2,9.418027420648722e-06
43,Kepulauan Bangka Belitung,47.36,2.87030303,0,1,9.253895822446543e-06
74,Nusa Tenggara Timur,45.05,2.73030303,0,3,8.802533927390558e-06
8,Papua Pegunungan,45.0,2.727272727,0,1,8.792764189402333e-06
31,Bengkulu,43.336427,2.626450121,4,1,8.46771074271663e-06
45,Gorontalo,42.859829000000005,2.597565394,7,3,8.374585991002392e-06
27,Kalimantan Timur,42.820475,2.595180303,4,1,8.36689642562662e-06
49,Kalimantan Utara,42.3,2.563636363,0,3,8.265198338038192e-06
65,Kalimantan Timur,42.164979,2.555453273,10,2,8.23881594218003e-06
25,Bali,41.88,2.538181818,3,1,8.183132538937105e-06
95,Sulawesi Selatan,41.1,2.490909091,0,2,8.030724626320798e-06
65,Nusa Tenggara Barat,40.626,2.462181818,0,1,7.938107510192427e-06
61,Papua Barat Daya,40.0,2.424242424,0,1,7.815790390579852e-06
36,Lampung,40.0,2.424242424,0,1,7.815790390579852e-06
75,Jawa Barat,39.111399,2.370387818,0,1,7.64216241165836e-06
65,Jambi,39.101024,2.36975903,2,1,7.640135191025803e-06
82,Kalimantan Barat,38.700415,2.345479697,2,3,7.561858291711308e-06
63,Aceh,38.530566,2.335185818,0,1,7.5286706871600686e-06
25,Gorontalo,38.329292,2.322987394,1,1,7.4893428022832305e-06
3,Gorontalo,38.0,2.303030303,0,1,7.42500087105086e-06
79,Papua,37.939,2.299333333,0,1,7.413081790705225e-06
29,Kalimantan Utara,35.0,2.121212121,0,1,6.83881659175737e-06
74,Riau,35.0,2.121212121,0,1,6.83881659175737e-06
90,Nusa Tenggara Barat,35.0,2.121212121,0,1,6.83881659175737e-06
27,Kalimantan Utara,35.0,2.121212121,0,1,6.83881659175737e-06
78,Papua Barat,32.398233,1.963529273,0,2,6.330444953829175e-06
12,Lampung,32.089633,1.944826242,1,1,6.270146130965852e-06
3,Kalimantan Tengah,31.5455,1.911848485,0,1,6.163825394150918e-06
55,Papua,31.243,1.893515152,71,1,6.104718479322158e-06
51,Daerah Istimewa Yogyakarta,30.555554,1.851851758,16,1,5.970395133301094e-06
93,Maluku Utara,30.42525,1.843954545,0,1,5.9449344145247404e-06
53,Kepulauan Bangka Belitung,30.0,1.818181818,0,1,5.861842792934889e-06
38,Gorontalo,30.0,1.818181818,2,1,5.861842792934889e-06
53,Sulawesi Selatan,30.0,1.818181818,0,1,5.861842792934889e-06
16,Aceh,28.2635,1.712939394,0,1,5.522539792603841e-06
53,Bengkulu,28.125602,1.704581939,0,1,5.495595246021836e-06
17,Bali,28.0,1.696969697,0,1,5.471053273405897e-06
19,Sulawesi Barat,28.0,1.696969696,0,3,5.471053273405897e-06
70,Kalimantan Utara,27.42857,1.662337576,0,1,5.35939884583367e-06
65,Kalimantan Selatan,27.375794,1.65913903,14,1,5.349086691992338e-06
53,Nusa Tenggara Timur,27.335,1.656666667,0,1,5.341115758162506e-06
95,Kalimantan Barat,27.0,1.636363636,0,2,5.2756585136413995e-06
50,Gorontalo,25.8165,1.564636364,0,1,5.044408815460119e-06
24,Daerah Istimewa Yogyakarta,25.0,1.515151515,7,1,4.884868994112408e-06
8,Papua Tengah,25.0,1.515151515,5,1,4.884868994112408e-06
74,Sulawesi Barat,25.0,1.515151515,0,1,4.884868994112408e-06
36,Sumatera Barat,24.572007,1.489212545,0,1,4.801241404696521e-06
43,Papua Tengah,24.0,1.454545455,11,1,4.68947423434791e-06
26,Sulawesi Selatan,24.0,1.454545455,0,1,4.68947423434791e-06
62,Sumatera Selatan,23.5397,1.426648485,0,2,4.599534026428313e-06
82,Kalimantan Selatan,23.374000000000002,1.416606061,0,3,4.5671571147353366e-06
37,Sumatera Selatan,23.21,1.406666667,0,1,4.535112374133959e-06
62,Gorontalo,22.8,1.381818182,27,1,4.455000522630516e-06
8,Daerah Istimewa Yogyakarta,22.75,1.3787878789999999,0,3,4.445230784642291e-06
6,Aceh,21.56,1.306666667,0,1,4.21271102052254e-06
65,Bali,21.488698,1.302345333,4,1,4.198778983361812e-06
85,Jambi,20.663651,1.252342485,0,1,4.037569123002394e-06
91,Jawa Tengah,20.5,1.242424242,2,3,4.005592575172174e-06
7,Daerah Khusus Ibukota Jakarta,20.35,1.233333333,3,1,3.9762833612075e-06
53,Kalimantan Selatan,20.35,1.233333333,0,2,3.9762833612075e-06
74,Sulawesi Tengah,20.325,1.231818182,0,1,3.971398492213387e-06
26,Bali,20.063009,1.215939939,0,1,3.920206823707927e-06
18,Riau,20.0,1.212121212,4,1,3.907895195289926e-06
33,Gorontalo,20.0,1.212121212,8,1,3.907895195289926e-06
77,Papua,20.0,1.212121212,0,1,3.907895195289926e-06
80,Sulawesi Barat,20.0,1.212121212,0,1,3.907895195289926e-06
49,Sulawesi Barat,20.0,1.212121212,0,1,3.907895195289926e-06
90,Sumatera Utara,20.0,1.212121212,0,1,3.907895195289926e-06
53,Sumatera Selatan,20.0,1.212121212,0,1,3.907895195289926e-06
80,Papua Barat Daya,19.59,1.187272727,0,1,3.827783343786482e-06
28,Kalimantan Selatan,19.515900000000002,1.182781818,7,2,3.8133045920879336e-06
80,Papua,19.5,1.181818182,1,1,3.8101978154076776e-06
82,Kalimantan Tengah,19.29812,1.16958303,0,2,3.770751521306421e-06
28,Sumatera Selatan,19.281784000000002,1.16859297,4,2,3.767559552510909e-06
9,Bengkulu,18.7859,1.138539394,0,1,3.6706664174598507e-06
22,Maluku,18.412,1.115878788,35,1,3.5976083167839055e-06
33,Papua Tengah,18.34425,1.111772727,0,1,3.584370321809861e-06
96,Sumatera Barat,17.5,1.060606061,0,2,3.419408295878685e-06
45,Papua Barat Daya,17.477477,1.05924103,0,1,3.415007419704509e-06
36,Papua,17.39148,1.054029091,3,1,3.3982040565490423e-06
97,Bali,17.069259000000002,1.0345005459999999,0,2,3.3352437616629664e-06
31,Kalimantan Barat,16.427724,0.995619636,30,1,3.2098911844574505e-06
79,Kalimantan Timur,16.1075,0.976212121,16,2,3.1473210929066245e-06
30,Kalimantan Selatan,16.0,0.96969697,0,1,3.1263161562319407e-06
93,Gorontalo,15.531,0.941272727,4,1,3.0346760139023917e-06
16,Sumatera Barat,15.424878,0.934841091,0,1,3.013940331206664e-06
20,Papua,15.4,0.933333333,0,1,3.009079300373243e-06
30,Daerah Istimewa Yogyakarta,15.277777,0.925925879,1,1,2.985197566650547e-06
31,Riau,15.000002,0.90909103,0,2,2.9309217872569637e-06
31,Gorontalo,15.0,0.909090909,8,2,2.9309213964674443e-06
43,Papua Pegunungan,15.0,0.909090909,0,1,2.9309213964674443e-06
32,Sumatera Selatan,15.0,0.909090909,0,1,2.9309213964674443e-06
19,Papua Barat Daya,14.7,0.890909091,1,1,2.8723029685380952e-06
30,Papua Selatan,14.0,0.848484848,0,1,2.7355266367029484e-06
69,Sumatera Barat,13.9,0.842424242,0,1,2.7159871607264984e-06
32,Nusa Tenggara Barat,13.86,0.84,0,2,2.7081713703359183e-06
81,Sulawesi Tengah,13.25,0.803030303,3,2,2.5889805668795757e-06
66,Kepulauan Bangka Belitung,13.0,0.787878788,0,1,2.5401318769384516e-06
29,Kepulauan Riau,13.0,0.787878788,0,1,2.5401318769384516e-06
30,Sumatera Selatan,12.85,0.778787879,0,1,2.5108226629737775e-06
5,Jawa Barat,12.4,0.751515151,0,2,2.4228950210797543e-06
90,Jawa Tengah,11.345107,0.687582243,7,2,2.2167744567675052e-06
73,Daerah Istimewa Yogyakarta,11.000001,0.666666727,0,2,2.149342552804219e-06
66,Bali,10.95,0.6636363630000001,0,2,2.1395726194212343e-06
72,Riau,10.767162,0.652555273,3,1,2.1038470323354136e-06
64,Papua Barat,10.20393,0.61842,5,1,1.993794451003737e-06
2,Sulawesi Tenggara,10.1,0.612121212,0,1,1.9734870736214124e-06
38,Daerah Istimewa Yogyakarta,10.000001,0.6060606666061,0,2,1.9539477930397225e-06
96,Maluku Utara,10.0,0.606060606,0,1,1.953947597644963e-06
21,Bali,10.0,0.606060606,8,1,1.953947597644963e-06
10,Papua Pegunungan,10.0,0.606060606,0,1,1.953947597644963e-06
45,Papua Pegunungan,10.0,0.606060606,0,1,1.953947597644963e-06
25,Maluku Utara,10.0,0.606060606,0,1,1.953947597644963e-06
77,Bengkulu,10.0,0.606060606,0,1,1.953947597644963e-06
96,Sulawesi Tengah,10.0,0.606060606,0,1,1.953947597644963e-06
90,Kalimantan Timur,10.0,0.606060606,0,1,1.953947597644963e-06
58,Sulawesi Selatan,10.0,0.606060606,5,1,1.953947597644963e-06
8,Bali,10.0,0.606060606,0,1,1.953947597644963e-06
3,Daerah Istimewa Yogyakarta,10.0,0.606060606,0,1,1.953947597644963e-06
13,Kalimantan Timur,10.0,0.606060606,2,1,1.953947597644963e-06
30,Riau,10.0,0.606060606,0,1,1.953947597644963e-06
58,Lampung,9.87,0.598181818,0,1,1.928546278875578e-06
56,Papua Selatan,9.8,0.593939394,38,1,1.9148686456920638e-06
20,Papua Barat Daya,9.675,0.586363636,0,1,1.8904443007215017e-06
71,Aceh,9.1,0.551515152,0,1,1.778092313856916e-06
65,Banten,9.012089,0.546187212,0,1,1.7609149651312595e-06
3,Papua Tengah,9.0,0.545454545,35,1,1.7585528378804665e-06
36,Sumatera Selatan,9.0,0.545454545,0,1,1.7585528378804665e-06
38,Sulawesi Tenggara,9.0,0.545454545,0,1,1.7585528378804665e-06
6,Kalimantan Timur,8.798732,0.533256485,0,1,1.7192261253721856e-06
16,Sulawesi Tenggara,8.57,0.51939394,0,2,1.6745330911817333e-06
11,Kepulauan Bangka Belitung,8.0,0.484848485,8,1,1.5631580781159703e-06
28,Kalimantan Barat,8.0,0.484848485,1,2,1.5631580781159703e-06
18,Kalimantan Timur,6.8,0.412121212,0,2,1.3286843663985747e-06
93,Sulawesi Barat,6.6085,0.400515152,4,1,1.2912662699036738e-06
86,Kalimantan Utara,6.604434,0.400268727,2,1,1.2904717948104713e-06
18,Aceh,6.5,0.393939394,0,1,1.2700659384692258e-06
73,Jambi,6.2445,0.378454545,5,1,1.2201425773493972e-06
11,Papua,6.184,0.374787879,0,1,1.208321194383645e-06
37,Kalimantan Timur,6.0,0.363636364,0,1,1.1723685585869776e-06
94,Daerah Khusus Ibukota Jakarta,5.902153,0.357706242,0,1,1.153249767528301e-06
26,Maluku Utara,5.6,0.339393939,0,1,1.0942106546811792e-06
78,Sulawesi Barat,5.5,0.333333333,0,2,1.0746711787047296e-06
85,Nusa Tenggara Timur,5.2,0.315151515,0,1,1.0160527507753808e-06
88,Daerah Khusus Ibukota Jakarta,5.1,0.309090909,0,1,9.96513274798931e-07
56,Papua Pegunungan,5.0,0.303030303,0,1,9.769737988224814e-07
26,Sulawesi Barat,5.0,0.303030303,0,1,9.769737988224814e-07
62,Sulawesi Barat,5.0,0.303030303,0,1,9.769737988224814e-07
30,Papua Barat Daya,5.0,0.303030303,0,1,9.769737988224814e-07
18,Sulawesi Tenggara,5.0,0.303030303,0,1,9.769737988224814e-07
70,Kepulauan Bangka Belitung,5.0,0.303030303,0,1,9.769737988224814e-07
81,Bengkulu,5.0,0.303030303,0,1,9.769737988224814e-07
37,Aceh,4.1,0.248484848,0,1,8.011185150344347e-07
85,Sulawesi Tenggara,4.0,0.242424242,0,1,7.815790390579852e-07
6,Banten,4.0,0.242424242,0,1,7.815790390579852e-07
38,Kalimantan Selatan,3.9,0.236363636,1,1,7.620395630815355e-07
85,Kalimantan Barat,3.665,0.222121212,0,1,7.161217945368789e-07
18,Lampung,3.4425,0.208636364,0,1,6.726464604892784e-07
45,Papua Selatan,3.375,0.204545455,1,1,6.594573142051749e-07
62,Kalimantan Selatan,3.219398,0.19511503,0,1,6.290534987962998e-07
17,Lampung,3.1000010000000002,0.1878788486061,1,2,6.057239506646983e-07
19,Sumatera Utara,3.1,0.187878788,0,1,6.057237552699386e-07
14,Sulawesi Tenggara,3.0,0.181818182,0,1,5.861842792934888e-07
41,Kepulauan Bangka Belitung,3.0,0.181818182,12,1,5.861842792934888e-07
8,Maluku,2.875,0.174242424,0,1,5.617599343229269e-07
37,Lampung,2.862,0.173454545,0,1,5.592198024459884e-07
31,Nusa Tenggara Barat,2.85,0.172727273,0,1,5.568750653288145e-07
66,Daerah Istimewa Yogyakarta,2.8495,0.17269697,26,1,5.567773679489321e-07
24,Kalimantan Utara,2.80275,0.169863636,0,1,5.476426629299419e-07
61,Maluku,2.797757,0.16956103,0,1,5.466670568944378e-07
18,Sumatera Selatan,2.6100000000000003,0.158181818,0,2,5.099803229853354e-07
66,Kalimantan Barat,2.6,0.157575758,0,1,5.080263753876904e-07
95,Riau,2.5,0.151515152,0,1,4.884868994112407e-07
95,Papua Selatan,2.5,0.151515152,0,1,4.884868994112407e-07
45,Papua Tengah,2.492684,0.151071758,1,1,4.870573913488037e-07
60,Bengkulu,2.4,0.145454545,0,1,4.689474234347911e-07
25,Nusa Tenggara Timur,2.3925,0.145,27,1,4.6748196273655743e-07
66,Kalimantan Selatan,2.075,0.125757576,0,1,4.054441265113298e-07
74,Sulawesi Utara,2.0,0.121212121,8,1,3.907895195289926e-07
5,Daerah Khusus Ibukota Jakarta,2.0,0.121212121,2,1,3.907895195289926e-07
50,Papua Selatan,2.0,0.121212121,1,1,3.907895195289926e-07
19,Nusa Tenggara Timur,2.0,0.121212122,0,2,3.907895195289926e-07
37,Sulawesi Utara,2.0,0.121212121,0,1,3.907895195289926e-07
8,Daerah Khusus Ibukota Jakarta,2.0,0.121212121,2,1,3.907895195289926e-07
18,Kalimantan Barat,1.95,0.118181818,0,1,3.8101978154076776e-07
31,Maluku Utara,1.72,0.104242424,0,1,3.360789867949336e-07
70,Sulawesi Tenggara,1.5,0.090909091,0,1,2.930921396467444e-07
6,Daerah Khusus Ibukota Jakarta,1.5,0.090909091,1,1,2.930921396467444e-07
26,Jambi,1.5,0.090909091,0,1,2.930921396467444e-07
96,Sulawesi Utara,1.31,0.079393939,0,1,2.5596713529149015e-07
39,Jawa Barat,1.26,0.076363636,0,2,2.461973973032653e-07
77,Sulawesi Barat,1.25,0.075757576,0,1,2.4424344970562036e-07
91,Daerah Istimewa Yogyakarta,1.2,0.072727273,0,1,2.3447371171739556e-07
36,Aceh,1.15,0.06969697,0,1,2.247039737291707e-07
53,Lampung,1.02,0.061818182,0,1,1.9930265495978622e-07
26,Sumatera Selatan,1.01,0.061212121,0,1,1.9734870736214123e-07
69,Jawa Timur,1.0,0.060606061,0,1,1.953947597644963e-07
79,Lampung,1.0,0.060606061,0,1,1.953947597644963e-07
18,Maluku Utara,1.0,0.060606061,0,1,1.953947597644963e-07
14,Papua Selatan,1.0,0.060606061,0,1,1.953947597644963e-07
14,Kepulauan Bangka Belitung,1.0,0.060606061,0,1,1.953947597644963e-07
14,Kalimantan Selatan,1.0,0.060606061,0,1,1.953947597644963e-07
13,Papua Selatan,1.0,0.060606061,0,1,1.953947597644963e-07
23,Maluku,1.0,0.060606061,0,1,1.953947597644963e-07
82,Sulawesi Tenggara,1.0,0.060606061,0,1,1.953947597644963e-07
84,Daerah Khusus Ibukota Jakarta,0.740324,0.044868121,0,1,1.4465543012789093e-07
95,Kalimantan Selatan,0.524,0.031757576,0,1,1.0238685411659605e-07
79,Maluku,0.5,0.03030303,0,1,9.769737988224815e-08
81,Sulawesi Barat,0.5,0.03030303,0,1,9.769737988224815e-08
33,Sulawesi Barat,0.5,0.03030303,0,1,9.769737988224815e-08
28,Jambi,0.5,0.03030303,0,1,9.769737988224815e-08
14,Aceh,0.5,0.03030303,0,1,9.769737988224815e-08
31,Sulawesi Barat,0.5,0.03030303,0,1,9.769737988224815e-08
30,Sumatera Utara,0.378,0.022909091,2,1,7.38592191909796e-08
25,Aceh,0.355,0.021515152,0,1,6.936513971639618e-08
31,Papua Barat Daya,0.35,0.021212121,2,1,6.83881659175737e-08
51,Jawa Tengah,0.3,0.018181818,0,1,5.861842792934889e-08
97,Daerah Khusus Ibukota Jakarta,0.3,0.018181818,0,1,5.861842792934889e-08
98,Daerah Khusus Ibukota Jakarta,0.3,0.018181818,0,1,5.861842792934889e-08
29,Kalimantan Barat,0.224823,0.013625636,0,1,4.3929236074533346e-08
62,Kalimantan Timur,0.2,0.012121212,0,1,3.907895195289926e-08
71,Sumatera Barat,0.2,0.012121212,0,1,3.907895195289926e-08
29,Sumatera Selatan,0.2,0.012121212,0,1,3.907895195289926e-08
14,Kalimantan Timur,0.2,0.012121212,0,1,3.907895195289926e-08
81,Papua Barat,0.18,0.01090909,0,2,3.517105675760933e-08
84,Jawa Barat,0.112,0.006787879,0,1,2.1884213093623585e-08
14,Sumatera Utara,0.11,0.006666667,3,1,2.149342357409459e-08
18,Kalimantan Utara,0.1,0.006060606,0,1,1.953947597644963e-08
11,Sulawesi Barat,0.1,0.006060606,0,1,1.953947597644963e-08
96,Papua Barat,0.09,0.005454545,0,1,1.7585528378804666e-08
82,Papua Barat Daya,0.09,0.005454545,0,1,1.7585528378804666e-08
55,Papua Barat,0.09,0.005454545,0,1,1.7585528378804666e-08
81,Papua Barat Daya,0.09,0.005454545,0,1,1.7585528378804666e-08
45,Papua Barat,0.09,0.005454545,0,1,1.7585528378804666e-08
14,Riau,0.065,0.003939394,0,1,1.270065938469226e-08
32,Papua Barat,0.05,0.003030303,0,1,9.769737988224814e-09
77,Papua Barat,0.04,0.002424242,0,1,7.815790390579852e-09
53,Papua Barat,0.04,0.002424242,0,1,7.815790390579852e-09
74,Bengkulu,0.03,0.001818182,0,1,5.8618427929348884e-09
70,Bengkulu,0.02,0.001212121,5,1,3.907895195289926e-09
5,Sumatera Utara,0.018,0.001090909,3,1,3.517105675760933e-09
72,Bengkulu,0.01,0.000606061,0,1,1.953947597644963e-09
